-- MySQL dump 10.13  Distrib 8.0.23, for Win64 (x86_64)
--
-- Host: localhost    Database: all_for_box
-- ------------------------------------------------------
-- Server version	8.0.23

/*!40101 SET @OLD_CHARACTER_SET_CLIENT=@@CHARACTER_SET_CLIENT */;
/*!40101 SET @OLD_CHARACTER_SET_RESULTS=@@CHARACTER_SET_RESULTS */;
/*!40101 SET @OLD_COLLATION_CONNECTION=@@COLLATION_CONNECTION */;
/*!50503 SET NAMES utf8mb4 */;
/*!40103 SET @OLD_TIME_ZONE=@@TIME_ZONE */;
/*!40103 SET TIME_ZONE='+00:00' */;
/*!40014 SET @OLD_UNIQUE_CHECKS=@@UNIQUE_CHECKS, UNIQUE_CHECKS=0 */;
/*!40014 SET @OLD_FOREIGN_KEY_CHECKS=@@FOREIGN_KEY_CHECKS, FOREIGN_KEY_CHECKS=0 */;
/*!40101 SET @OLD_SQL_MODE=@@SQL_MODE, SQL_MODE='NO_AUTO_VALUE_ON_ZERO' */;
/*!40111 SET @OLD_SQL_NOTES=@@SQL_NOTES, SQL_NOTES=0 */;

--
-- Temporary view structure for view `articles`
--

DROP TABLE IF EXISTS `articles`;
/*!50001 DROP VIEW IF EXISTS `articles`*/;
SET @saved_cs_client     = @@character_set_client;
/*!50503 SET character_set_client = utf8mb4 */;
/*!50001 CREATE VIEW `articles` AS SELECT 
 1 AS `art`,
 1 AS `prod_name`,
 1 AS `cat_name`,
 1 AS `price`,
 1 AS `value`,
 1 AS `store`*/;
SET character_set_client = @saved_cs_client;

--
-- Table structure for table `brands`
--

DROP TABLE IF EXISTS `brands`;
/*!40101 SET @saved_cs_client     = @@character_set_client */;
/*!50503 SET character_set_client = utf8mb4 */;
CREATE TABLE `brands` (
  `id` int unsigned NOT NULL AUTO_INCREMENT,
  `name` varchar(255) DEFAULT NULL,
  `country` varchar(255) DEFAULT NULL COMMENT 'Страна производитель',
  PRIMARY KEY (`id`)
) ENGINE=InnoDB AUTO_INCREMENT=7 DEFAULT CHARSET=utf8mb4 COLLATE=utf8mb4_0900_ai_ci;
/*!40101 SET character_set_client = @saved_cs_client */;

--
-- Dumping data for table `brands`
--

LOCK TABLES `brands` WRITE;
/*!40000 ALTER TABLE `brands` DISABLE KEYS */;
INSERT INTO `brands` VALUES (1,'Green Hill','Германия'),(2,'TWINS','Тайланд'),(3,'EVERLAST','США'),(4,'FIRETEX','Тайланд'),(5,'VENUM','Бразилия'),(6,'TAKESHI FG','Япония');
/*!40000 ALTER TABLE `brands` ENABLE KEYS */;
UNLOCK TABLES;

--
-- Table structure for table `catalogs`
--

DROP TABLE IF EXISTS `catalogs`;
/*!40101 SET @saved_cs_client     = @@character_set_client */;
/*!50503 SET character_set_client = utf8mb4 */;
CREATE TABLE `catalogs` (
  `id` int unsigned NOT NULL AUTO_INCREMENT,
  `name` varchar(255) DEFAULT NULL COMMENT 'Название раздела',
  PRIMARY KEY (`id`)
) ENGINE=InnoDB AUTO_INCREMENT=10 DEFAULT CHARSET=utf8mb4 COLLATE=utf8mb4_0900_ai_ci COMMENT='Разделы магазина';
/*!40101 SET character_set_client = @saved_cs_client */;

--
-- Dumping data for table `catalogs`
--

LOCK TABLES `catalogs` WRITE;
/*!40000 ALTER TABLE `catalogs` DISABLE KEYS */;
INSERT INTO `catalogs` VALUES (1,'Боксерские перчатки'),(2,'Снарядные перчатки'),(3,'Боксерские бинты'),(4,'Боксерские капы'),(5,'Боксерские шлемы'),(6,'Боксерки'),(7,'Защита тела'),(8,'Лапы и макивары'),(9,'Снаряды для бокса');
/*!40000 ALTER TABLE `catalogs` ENABLE KEYS */;
UNLOCK TABLES;

--
-- Table structure for table `customers`
--

DROP TABLE IF EXISTS `customers`;
/*!40101 SET @saved_cs_client     = @@character_set_client */;
/*!50503 SET character_set_client = utf8mb4 */;
CREATE TABLE `customers` (
  `id` int unsigned NOT NULL AUTO_INCREMENT COMMENT 'Идентификатор строки',
  `first_name` varchar(100) NOT NULL COMMENT 'Имя пользователя',
  `last_name` varchar(100) NOT NULL COMMENT 'Фамилия пользователя',
  `email` varchar(100) NOT NULL COMMENT 'Почта',
  `phone` varchar(100) NOT NULL COMMENT 'Телефон',
  `created_at` datetime DEFAULT CURRENT_TIMESTAMP COMMENT 'Время создания строки',
  `updated_at` datetime DEFAULT CURRENT_TIMESTAMP ON UPDATE CURRENT_TIMESTAMP COMMENT 'Время обновления строки',
  PRIMARY KEY (`id`),
  UNIQUE KEY `email` (`email`),
  UNIQUE KEY `phone` (`phone`),
  KEY `customers_first_name_last_name_email_idx` (`first_name`,`last_name`,`email`)
) ENGINE=InnoDB AUTO_INCREMENT=101 DEFAULT CHARSET=utf8mb4 COLLATE=utf8mb4_0900_ai_ci COMMENT='Пользователи';
/*!40101 SET character_set_client = @saved_cs_client */;

--
-- Dumping data for table `customers`
--

LOCK TABLES `customers` WRITE;
/*!40000 ALTER TABLE `customers` DISABLE KEYS */;
INSERT INTO `customers` VALUES (1,'Ариадна','Косарёва','John@gmail.com','89161011525','2016-01-03 00:00:00','2021-03-15 00:00:00'),(2,'Лукьян','Яцковский','Isaiah@mail.com','89031031626','2016-01-06 00:00:00','2021-03-15 00:00:00'),(3,'Алиса','Мальцева','John@yandex.ru','89261051727','2016-01-10 00:00:00','2021-03-15 00:00:00'),(4,'Инна','Лелуха','Miguel@gmail.com','89251071828','2016-01-15 00:00:00','2021-03-15 00:00:00'),(5,'Ипполит','Гавшин','Alexander@mail.com','89301091929','2016-01-21 00:00:00','2021-03-15 00:00:00'),(6,'Нелли','Никишина','Evan@yandex.ru','89351112030','2016-01-28 00:00:00','2021-03-15 00:00:00'),(7,'Эрнст','Рязанцев','Dylan@gmail.com','89401132131','2016-02-05 00:00:00','2021-03-15 00:00:00'),(8,'Ефросинья','Злобина','Eric@mail.com','89451152232','2016-02-14 00:00:00','2021-03-15 00:00:00'),(9,'Марк','Семянин','Julian@yandex.ru','89501172333','2016-02-24 00:00:00','2021-03-15 00:00:00'),(10,'Савва','Низовцов','Daniel@gmail.com','89551192434','2016-03-06 00:00:00','2021-03-15 00:00:00'),(11,'Федор','Лавлинский','Dylan1@mail.com','89161212535','2016-03-18 00:00:00','2021-03-15 00:00:00'),(12,'Антонина','Арданкина','Cole@yandex.ru','89031232636','2016-03-20 00:00:00','2021-03-15 00:00:00'),(13,'Регина','Кабанова','Nicholas@gmail.com','89261252737','2016-03-23 00:00:00','2021-03-15 00:00:00'),(14,'Анисия','Котяша','Richard@mail.com','89251272838','2016-03-27 00:00:00','2021-03-15 00:00:00'),(15,'Елисей','Сиякаев','Xavier1@yandex.ru','89301292939','2016-04-01 00:00:00','2021-03-15 00:00:00'),(16,'Марсель','Талалихин','Alexander1@gmail.com','89351313040','2016-04-07 00:00:00','2021-03-15 00:00:00'),(17,'Соломон','Дарюшин','Dominic@mail.com','89401333141','2016-04-14 00:00:00','2021-03-15 00:00:00'),(18,'Аида','Сиянко','Ian@yandex.ru','89451353242','2016-04-22 00:00:00','2021-03-15 00:00:00'),(19,'Александра','Осокина','Matthew@gmail.com','89501373343','2016-05-01 00:00:00','2021-03-15 00:00:00'),(20,'Иван','Медведков','Alex@mail.com','89551393444','2016-05-11 00:00:00','2021-03-15 00:00:00'),(21,'Марианна','Зверева','Evan1@yandex.ru','89161413545','2016-05-22 00:00:00','2021-03-15 00:00:00'),(22,'Рада','Конакова','Cole@gmail.com','89031433646','2016-06-03 00:00:00','2021-03-15 00:00:00'),(23,'Владлен','Гордеев','Jayden@mail.com','89261453747','2016-06-16 00:00:00','2021-03-15 00:00:00'),(24,'Виталина','Язвецова','Antonio@yandex.ru','89251473848','2016-06-30 00:00:00','2021-03-15 00:00:00'),(25,'Светлана','Головаха','Brian@gmail.com','89301493949','2016-07-02 00:00:00','2021-03-15 00:00:00'),(26,'Лариса','Торсунова','Steven@mail.com','89351514050','2016-07-05 00:00:00','2021-03-15 00:00:00'),(27,'Юлиана','Молодцова','Joshua@yandex.ru','89401534151','2016-07-09 00:00:00','2021-03-15 00:00:00'),(28,'Камила','Горбунова','Cameron@gmail.com','89451554252','2016-07-14 00:00:00','2021-03-15 00:00:00'),(29,'Венедикт','Бобрик','Hayden@mail.com','89501574353','2016-07-20 00:00:00','2021-03-15 00:00:00'),(30,'Лука','Касьяненко','Nathan1@yandex.ru','89551594454','2016-07-27 00:00:00','2021-03-15 00:00:00'),(31,'Андрей','Козин','Luke1@gmail.com','89161614555','2016-08-04 00:00:00','2021-03-15 00:00:00'),(32,'Лидия','Ямалтдинова','Aiden@mail.com','89031634656','2016-08-13 00:00:00','2021-03-15 00:00:00'),(33,'Кристина','Хромченко','Jeremiah@yandex.ru','89261654757','2016-08-23 00:00:00','2021-03-15 00:00:00'),(34,'Владлена','Поджио','Eric@gmail.com','89251674858','2016-09-03 00:00:00','2021-03-15 00:00:00'),(35,'Изольда','Якина','Aidan@mail.com','89301694959','2016-09-15 00:00:00','2021-03-15 00:00:00'),(36,'Мира','Пахомова','Patrick@yandex.ru','89351715060','2016-09-28 00:00:00','2021-03-15 00:00:00'),(37,'Анжелика','Бабина','Landon@gmail.com','89401735161','2016-10-12 00:00:00','2021-03-15 00:00:00'),(38,'Ксения','Торсунова','Richard1@mail.com','89451755262','2016-10-27 00:00:00','2021-03-15 00:00:00'),(39,'Алисия','Эвентова','Elijah@yandex.ru','89501775363','2016-11-12 00:00:00','2021-03-15 00:00:00'),(40,'Демид','Ярилин','Ethan@gmail.com','89551795464','2016-11-29 00:00:00','2021-03-15 00:00:00'),(41,'Анатолий','Яматин','Aaron@mail.com','89161815565','2016-12-17 00:00:00','2021-03-15 00:00:00'),(42,'Юрий','Ягнятев','Andrew@yandex.ru','89031835666','2017-01-05 00:00:00','2021-03-15 00:00:00'),(43,'Лаврентий','Менде','Jayden@gmail.com','89261855767','2017-01-25 00:00:00','2021-03-15 00:00:00'),(44,'Лина','Кушкина','Isaac@mail.com','89251875868','2017-02-15 00:00:00','2021-03-15 00:00:00'),(45,'Филипп','Астахов','Elijah1@yandex.ru','89301895969','2017-03-09 00:00:00','2021-03-15 00:00:00'),(46,'Порфирий','Гурьев','Christian@gmail.com','89351916070','2017-04-01 00:00:00','2021-03-15 00:00:00'),(47,'Мадина','Щербатыха','Carlos@mail.com','89401936171','2017-04-25 00:00:00','2021-03-15 00:00:00'),(48,'Рената','Веденина','Landon@yandex.ru','89451956272','2017-05-20 00:00:00','2021-03-15 00:00:00'),(49,'Юнона','Качурина','Tyler@gmail.com','89501976373','2017-06-15 00:00:00','2021-03-15 00:00:00'),(50,'Аделина','Макеева','Andrew@mail.com','89551996474','2017-07-12 00:00:00','2021-03-15 00:00:00'),(51,'Анастасия','Силина','Dylan2@gmail.com','89162016575','2017-08-09 00:00:00','2021-03-15 00:00:00'),(52,'Фаина','Глебова','Joshua1@mail.com','89032036676','2017-09-07 00:00:00','2021-03-15 00:00:00'),(53,'Вениамин','Брагин','Hunter@yandex.ru','89262056777','2017-10-07 00:00:00','2021-03-15 00:00:00'),(54,'Альфия','Лапина','Benjamin@gmail.com','89252076878','2017-11-07 00:00:00','2021-03-15 00:00:00'),(55,'Виссарион','Чемерис','Landon@mail.com','89302096979','2017-12-09 00:00:00','2021-03-15 00:00:00'),(56,'Леон','Макеев','Aidan@yandex.ru','89352117080','2018-01-11 00:00:00','2021-03-15 00:00:00'),(57,'Ева','Лобана','Jacob@gmail.com','89402137181','2018-02-14 00:00:00','2021-03-15 00:00:00'),(58,'Мирон','Яхонтов','Jeremiah@mail.com','89452157282','2018-03-21 00:00:00','2021-03-15 00:00:00'),(59,'Алла','Еремина','Ethan1@yandex.ru','89502177383','2018-04-26 00:00:00','2021-03-15 00:00:00'),(60,'Кира','Рассказова','Noah@gmail.com','89552197484','2018-06-02 00:00:00','2021-03-15 00:00:00'),(61,'Карим','Шеповалов','Anthony@mail.com','89162217585','2018-07-10 00:00:00','2021-03-15 00:00:00'),(62,'Пахом','Панин','Xavier@yandex.ru','89032237686','2018-08-18 00:00:00','2021-03-15 00:00:00'),(63,'Фадей','Седегов','Justin@gmail.com','89262257787','2018-09-27 00:00:00','2021-03-15 00:00:00'),(64,'Август','Папилов','Hunter@mail.com','89252277888','2018-11-07 00:00:00','2021-03-15 00:00:00'),(65,'Архип','Оскорбин','Alex@yandex.ru','89302297989','2018-12-19 00:00:00','2021-03-15 00:00:00'),(66,'Яков','Рябинин','Bryan@gmail.com','89352318090','2019-01-31 00:00:00','2021-03-15 00:00:00'),(67,'Бронислава','Чилаева','Adrian@mail.com','89402338191','2019-02-02 00:00:00','2021-03-15 00:00:00'),(68,'Зоя','Исмайлова','Ethan2@yandex.ru','89452358292','2019-02-05 00:00:00','2021-03-15 00:00:00'),(69,'Агата','Церетели','Aiden@gmail.com','89502378393','2019-02-09 00:00:00','2021-03-15 00:00:00'),(70,'Дана','Рязанцева','Joshua2@mail.com','89552398494','2019-02-14 00:00:00','2021-03-15 00:00:00'),(71,'Асия','Хомичева','Austin@yandex.ru','89162418595','2019-02-20 00:00:00','2021-03-15 00:00:00'),(72,'Эммануил','Будаев','Bryan1@gmail.com','89032438696','2019-02-27 00:00:00','2021-03-15 00:00:00'),(73,'Роза','Калугина','Evan2@mail.com','89262458797','2019-03-07 00:00:00','2021-03-15 00:00:00'),(74,'Максим','Шелагин','Adam@yandex.ru','89252478898','2019-03-16 00:00:00','2021-03-15 00:00:00'),(75,'Семён','Овсов','Patrick@gmail.com','89302498999','2019-03-26 00:00:00','2021-03-15 00:00:00'),(76,'Аскольд','Туровский','Justin@mail.com','89352519014','2019-04-06 00:00:00','2021-03-15 00:00:00'),(77,'Фока','Круминь','Eric@yandex.ru','89402539115','2019-04-18 00:00:00','2021-03-15 00:00:00'),(78,'Юлиан','Штельмах','Alexander2@gmail.com','89452559216','2019-05-01 00:00:00','2021-03-15 00:00:00'),(79,'Аделя','Корчагина','Tyler@mail.com','89502579317','2019-05-15 00:00:00','2021-03-15 00:00:00'),(80,'Осип','Машир','Christopher@yandex.ru','89552599418','2019-05-30 00:00:00','2021-03-15 00:00:00'),(81,'Евгения','Автухова','Hayden@gmail.com','89162619519','2019-06-15 00:00:00','2021-03-15 00:00:00'),(82,'Валерий','Гавриков','Connor@mail.com','89032639620','2019-07-02 00:00:00','2021-03-15 00:00:00'),(83,'Мелания','Тёмкина','Cody@yandex.ru','89262659721','2019-07-20 00:00:00','2021-03-15 00:00:00'),(84,'Никанор','Колокольцов','Isaac@gmail.com','89252679822','2019-08-08 00:00:00','2021-03-15 00:00:00'),(85,'Эмилия','Яцкевич','Logan@mail.com','89302699923','2019-08-28 00:00:00','2021-03-15 00:00:00'),(86,'Клим','Куксов','Daniel@yandex.ru','89352711024','2019-09-18 00:00:00','2021-03-15 00:00:00'),(87,'Ибрагим','Шаронов','Luke2@gmail.com','89402731125','2019-10-10 00:00:00','2021-03-15 00:00:00'),(88,'Пимен','Никонов','Noah@mail.com','89452751226','2019-11-02 00:00:00','2021-03-15 00:00:00'),(89,'Арина','Цыганкова','Brandon@yandex.ru','89502771327','2019-11-26 00:00:00','2021-03-15 00:00:00'),(90,'Рустам','Чуркин','Jesus@gmail.com','89552791428','2019-12-21 00:00:00','2021-03-15 00:00:00'),(91,'Дина','Бебчука','Ethan3@mail.com','89162811529','2020-01-16 00:00:00','2021-03-15 00:00:00'),(92,'Владилен','Корниенко','Nathan@yandex.ru','89032831630','2020-02-12 00:00:00','2021-03-15 00:00:00'),(93,'Карл','Вершинин','Antonio@gmail.com','89262851731','2020-03-11 00:00:00','2021-03-15 00:00:00'),(94,'Яромир','Сычёв','Brian@mail.com','89252871832','2020-04-09 00:00:00','2021-03-15 00:00:00'),(95,'Лейла','Воронова','William@yandex.ru','89302891933','2020-05-09 00:00:00','2021-03-15 00:00:00'),(96,'Евсей','Кирилов','Ethan4@gmail.com','89352912034','2020-06-09 00:00:00','2021-03-15 00:00:00'),(97,'Виолетта','Черная','Sean@mail.com','89402932135','2020-07-11 00:00:00','2021-03-15 00:00:00'),(98,'Розалия','Александрина','Luke3@yandex.ru','89452952236','2020-08-13 00:00:00','2021-03-15 00:00:00'),(99,'Кирилл','Иванов','Devin@gmail.com','89502972337','2020-09-16 00:00:00','2021-03-15 00:00:00'),(100,'Иван ','Кирилов','Jesse@mail.com','89552992438','2020-10-21 00:00:00','2021-03-15 00:00:00');
/*!40000 ALTER TABLE `customers` ENABLE KEYS */;
UNLOCK TABLES;

--
-- Table structure for table `discounts_goods`
--

DROP TABLE IF EXISTS `discounts_goods`;
/*!40101 SET @saved_cs_client     = @@character_set_client */;
/*!50503 SET character_set_client = utf8mb4 */;
CREATE TABLE `discounts_goods` (
  `id` int unsigned NOT NULL AUTO_INCREMENT,
  `product_id` int unsigned DEFAULT NULL,
  `discount` float unsigned DEFAULT NULL COMMENT 'Величина скидки от 0.0 до 1.0',
  `started_at` datetime DEFAULT NULL,
  `finished_at` datetime DEFAULT NULL,
  `created_at` datetime DEFAULT CURRENT_TIMESTAMP,
  PRIMARY KEY (`id`),
  KEY `discounts_goods_product_id_fk` (`product_id`),
  CONSTRAINT `discounts_goods_product_id_fk` FOREIGN KEY (`product_id`) REFERENCES `products` (`id`) ON DELETE CASCADE
) ENGINE=InnoDB AUTO_INCREMENT=211 DEFAULT CHARSET=utf8mb4 COLLATE=utf8mb4_0900_ai_ci COMMENT='Скидки';
/*!40101 SET character_set_client = @saved_cs_client */;

--
-- Dumping data for table `discounts_goods`
--

LOCK TABLES `discounts_goods` WRITE;
/*!40000 ALTER TABLE `discounts_goods` DISABLE KEYS */;
INSERT INTO `discounts_goods` VALUES (1,1,0.25,'2021-02-20 00:00:00','2021-02-24 00:00:00','2021-02-01 00:00:00'),(2,2,0.25,'2021-02-20 00:00:00','2021-02-24 00:00:00','2021-02-01 00:00:00'),(3,3,0.25,'2021-02-20 00:00:00','2021-02-24 00:00:00','2021-02-01 00:00:00'),(4,4,0.25,'2021-02-20 00:00:00','2021-02-24 00:00:00','2021-02-01 00:00:00'),(5,5,0.25,'2021-02-20 00:00:00','2021-02-24 00:00:00','2021-02-01 00:00:00'),(6,6,0.25,'2021-02-20 00:00:00','2021-02-24 00:00:00','2021-02-01 00:00:00'),(7,7,0.25,'2021-02-20 00:00:00','2021-02-24 00:00:00','2021-02-01 00:00:00'),(8,8,0.25,'2021-02-20 00:00:00','2021-02-24 00:00:00','2021-02-01 00:00:00'),(9,9,0.25,'2021-02-20 00:00:00','2021-02-24 00:00:00','2021-02-01 00:00:00'),(10,10,0.25,'2021-02-20 00:00:00','2021-02-24 00:00:00','2021-02-01 00:00:00'),(11,11,0.25,'2021-02-20 00:00:00','2021-02-24 00:00:00','2021-02-01 00:00:00'),(12,12,0.25,'2021-02-20 00:00:00','2021-02-24 00:00:00','2021-02-01 00:00:00'),(13,13,0.25,'2021-02-20 00:00:00','2021-02-24 00:00:00','2021-02-01 00:00:00'),(14,14,0.25,'2021-02-20 00:00:00','2021-02-24 00:00:00','2021-02-01 00:00:00'),(15,15,0.25,'2021-02-20 00:00:00','2021-02-24 00:00:00','2021-02-01 00:00:00'),(16,16,0.25,'2021-02-20 00:00:00','2021-02-24 00:00:00','2021-02-01 00:00:00'),(17,17,0.25,'2021-02-20 00:00:00','2021-02-24 00:00:00','2021-02-01 00:00:00'),(18,18,0.25,'2021-02-20 00:00:00','2021-02-24 00:00:00','2021-02-01 00:00:00'),(19,19,0.25,'2021-02-20 00:00:00','2021-02-24 00:00:00','2021-02-01 00:00:00'),(20,20,0.25,'2021-02-20 00:00:00','2021-02-24 00:00:00','2021-02-01 00:00:00'),(21,21,0.25,'2021-02-20 00:00:00','2021-02-24 00:00:00','2021-02-01 00:00:00'),(22,22,0.25,'2021-02-20 00:00:00','2021-02-24 00:00:00','2021-02-01 00:00:00'),(23,23,0.25,'2021-02-20 00:00:00','2021-02-24 00:00:00','2021-02-01 00:00:00'),(24,24,0.25,'2021-02-20 00:00:00','2021-02-24 00:00:00','2021-02-01 00:00:00'),(25,25,0.25,'2021-02-20 00:00:00','2021-02-24 00:00:00','2021-02-01 00:00:00'),(26,26,0.25,'2021-02-20 00:00:00','2021-02-24 00:00:00','2021-02-01 00:00:00'),(27,27,0.25,'2021-02-20 00:00:00','2021-02-24 00:00:00','2021-02-01 00:00:00'),(28,28,0.25,'2021-02-20 00:00:00','2021-02-24 00:00:00','2021-02-01 00:00:00'),(29,29,0.25,'2021-02-20 00:00:00','2021-02-24 00:00:00','2021-02-01 00:00:00'),(30,30,0.25,'2021-02-20 00:00:00','2021-02-24 00:00:00','2021-02-01 00:00:00'),(31,31,0.25,'2021-02-20 00:00:00','2021-02-24 00:00:00','2021-02-01 00:00:00'),(32,32,0.25,'2021-02-20 00:00:00','2021-02-24 00:00:00','2021-02-01 00:00:00'),(33,33,0.25,'2021-02-20 00:00:00','2021-02-24 00:00:00','2021-02-01 00:00:00'),(34,34,0.25,'2021-02-20 00:00:00','2021-02-24 00:00:00','2021-02-01 00:00:00'),(35,35,0.25,'2021-02-20 00:00:00','2021-02-24 00:00:00','2021-02-01 00:00:00'),(36,36,0.25,'2021-02-20 00:00:00','2021-02-24 00:00:00','2021-02-01 00:00:00'),(37,37,0.25,'2021-02-20 00:00:00','2021-02-24 00:00:00','2021-02-01 00:00:00'),(38,38,0.25,'2021-02-20 00:00:00','2021-02-24 00:00:00','2021-02-01 00:00:00'),(39,39,0.25,'2021-02-20 00:00:00','2021-02-24 00:00:00','2021-02-01 00:00:00'),(40,40,0.25,'2021-02-20 00:00:00','2021-02-24 00:00:00','2021-02-01 00:00:00'),(41,41,0.25,'2021-02-20 00:00:00','2021-02-24 00:00:00','2021-02-01 00:00:00'),(42,42,0.25,'2021-02-20 00:00:00','2021-02-24 00:00:00','2021-02-01 00:00:00'),(43,43,0.25,'2021-02-20 00:00:00','2021-02-24 00:00:00','2021-02-01 00:00:00'),(44,44,0.25,'2021-02-20 00:00:00','2021-02-24 00:00:00','2021-02-01 00:00:00'),(45,45,0.25,'2021-02-20 00:00:00','2021-02-24 00:00:00','2021-02-01 00:00:00'),(46,46,0.25,'2021-02-20 00:00:00','2021-02-24 00:00:00','2021-02-01 00:00:00'),(47,47,0.25,'2021-02-20 00:00:00','2021-02-24 00:00:00','2021-02-01 00:00:00'),(48,48,0.25,'2021-02-20 00:00:00','2021-02-24 00:00:00','2021-02-01 00:00:00'),(49,49,0.25,'2021-02-20 00:00:00','2021-02-24 00:00:00','2021-02-01 00:00:00'),(50,50,0.25,'2021-02-20 00:00:00','2021-02-24 00:00:00','2021-02-01 00:00:00'),(51,51,0.25,'2021-02-20 00:00:00','2021-02-24 00:00:00','2021-02-01 00:00:00'),(52,52,0.25,'2021-02-20 00:00:00','2021-02-24 00:00:00','2021-02-01 00:00:00'),(53,53,0.25,'2021-02-20 00:00:00','2021-02-24 00:00:00','2021-02-01 00:00:00'),(54,54,0.25,'2021-02-20 00:00:00','2021-02-24 00:00:00','2021-02-01 00:00:00'),(55,55,0.25,'2021-02-20 00:00:00','2021-02-24 00:00:00','2021-02-01 00:00:00'),(56,56,0.25,'2021-02-20 00:00:00','2021-02-24 00:00:00','2021-02-01 00:00:00'),(57,57,0.25,'2021-02-20 00:00:00','2021-02-24 00:00:00','2021-02-01 00:00:00'),(58,58,0.25,'2021-02-20 00:00:00','2021-02-24 00:00:00','2021-02-01 00:00:00'),(59,59,0.25,'2021-02-20 00:00:00','2021-02-24 00:00:00','2021-02-01 00:00:00'),(60,60,0.25,'2021-02-20 00:00:00','2021-02-24 00:00:00','2021-02-01 00:00:00'),(61,61,0.25,'2021-02-20 00:00:00','2021-02-24 00:00:00','2021-02-01 00:00:00'),(62,62,0.25,'2021-02-20 00:00:00','2021-02-24 00:00:00','2021-02-01 00:00:00'),(63,63,0.25,'2021-02-20 00:00:00','2021-02-24 00:00:00','2021-02-01 00:00:00'),(64,64,0.25,'2021-02-20 00:00:00','2021-02-24 00:00:00','2021-02-01 00:00:00'),(65,65,0.25,'2021-02-20 00:00:00','2021-02-24 00:00:00','2021-02-01 00:00:00'),(66,66,0.25,'2021-02-20 00:00:00','2021-02-24 00:00:00','2021-02-01 00:00:00'),(67,67,0.25,'2021-02-20 00:00:00','2021-02-24 00:00:00','2021-02-01 00:00:00'),(68,68,0.25,'2021-02-20 00:00:00','2021-02-24 00:00:00','2021-02-01 00:00:00'),(69,69,0.25,'2021-02-20 00:00:00','2021-02-24 00:00:00','2021-02-01 00:00:00'),(70,70,0.25,'2021-02-20 00:00:00','2021-02-24 00:00:00','2021-02-01 00:00:00'),(71,71,0.25,'2021-02-20 00:00:00','2021-02-24 00:00:00','2021-02-01 00:00:00'),(72,72,0.25,'2021-02-20 00:00:00','2021-02-24 00:00:00','2021-02-01 00:00:00'),(73,73,0.25,'2021-02-20 00:00:00','2021-02-24 00:00:00','2021-02-01 00:00:00'),(74,74,0.25,'2021-02-20 00:00:00','2021-02-24 00:00:00','2021-02-01 00:00:00'),(75,75,0.25,'2021-02-20 00:00:00','2021-02-24 00:00:00','2021-02-01 00:00:00'),(76,76,0.25,'2021-02-20 00:00:00','2021-02-24 00:00:00','2021-02-01 00:00:00'),(77,77,0.25,'2021-02-20 00:00:00','2021-02-24 00:00:00','2021-02-01 00:00:00'),(78,78,0.25,'2021-02-20 00:00:00','2021-02-24 00:00:00','2021-02-01 00:00:00'),(79,79,0.25,'2021-02-20 00:00:00','2021-02-24 00:00:00','2021-02-01 00:00:00'),(80,80,0.25,'2021-02-20 00:00:00','2021-02-24 00:00:00','2021-02-01 00:00:00'),(81,81,0.25,'2021-02-20 00:00:00','2021-02-24 00:00:00','2021-02-01 00:00:00'),(82,82,0.25,'2021-02-20 00:00:00','2021-02-24 00:00:00','2021-02-01 00:00:00'),(83,83,0.25,'2021-02-20 00:00:00','2021-02-24 00:00:00','2021-02-01 00:00:00'),(84,84,0.25,'2021-02-20 00:00:00','2021-02-24 00:00:00','2021-02-01 00:00:00'),(85,85,0.25,'2021-02-20 00:00:00','2021-02-24 00:00:00','2021-02-01 00:00:00'),(86,86,0.25,'2021-02-20 00:00:00','2021-02-24 00:00:00','2021-02-01 00:00:00'),(87,87,0.25,'2021-02-20 00:00:00','2021-02-24 00:00:00','2021-02-01 00:00:00'),(88,88,0.25,'2021-02-20 00:00:00','2021-02-24 00:00:00','2021-02-01 00:00:00'),(89,89,0.25,'2021-02-20 00:00:00','2021-02-24 00:00:00','2021-02-01 00:00:00'),(90,90,0.25,'2021-02-20 00:00:00','2021-02-24 00:00:00','2021-02-01 00:00:00'),(91,91,0.25,'2021-02-20 00:00:00','2021-02-24 00:00:00','2021-02-01 00:00:00'),(92,92,0.25,'2021-02-20 00:00:00','2021-02-24 00:00:00','2021-02-01 00:00:00'),(93,93,0.25,'2021-02-20 00:00:00','2021-02-24 00:00:00','2021-02-01 00:00:00'),(94,94,0.25,'2021-02-20 00:00:00','2021-02-24 00:00:00','2021-02-01 00:00:00'),(95,95,0.25,'2021-02-20 00:00:00','2021-02-24 00:00:00','2021-02-01 00:00:00'),(96,96,0.25,'2021-02-20 00:00:00','2021-02-24 00:00:00','2021-02-01 00:00:00'),(97,97,0.25,'2021-02-20 00:00:00','2021-02-24 00:00:00','2021-02-01 00:00:00'),(98,98,0.25,'2021-02-20 00:00:00','2021-02-24 00:00:00','2021-02-01 00:00:00'),(99,99,0.25,'2021-02-20 00:00:00','2021-02-24 00:00:00','2021-02-01 00:00:00'),(100,100,0.25,'2021-02-20 00:00:00','2021-02-24 00:00:00','2021-02-01 00:00:00'),(101,101,0.25,'2021-02-20 00:00:00','2021-02-24 00:00:00','2021-02-01 00:00:00'),(102,102,0.25,'2021-02-20 00:00:00','2021-02-24 00:00:00','2021-02-01 00:00:00'),(103,103,0.25,'2021-02-20 00:00:00','2021-02-24 00:00:00','2021-02-01 00:00:00'),(104,104,0.25,'2021-02-20 00:00:00','2021-02-24 00:00:00','2021-02-01 00:00:00'),(105,105,0.25,'2021-02-20 00:00:00','2021-02-24 00:00:00','2021-02-01 00:00:00'),(106,1,0.3,'2025-12-20 21:00:00','2010-01-20 22:00:00','2015-03-20 21:00:00'),(107,2,0.3,'2025-12-20 21:00:00','2010-01-20 22:00:00','2015-03-20 21:00:00'),(108,3,0.3,'2025-12-20 21:00:00','2010-01-20 22:00:00','2015-03-20 21:00:00'),(109,4,0.3,'2025-12-20 21:00:00','2010-01-20 22:00:00','2015-03-20 21:00:00'),(110,5,0.3,'2025-12-20 21:00:00','2010-01-20 22:00:00','2015-03-20 21:00:00'),(111,6,0.3,'2025-12-20 21:00:00','2010-01-20 22:00:00','2015-03-20 21:00:00'),(112,7,0.3,'2025-12-20 21:00:00','2010-01-20 22:00:00','2015-03-20 21:00:00'),(113,8,0.3,'2025-12-20 21:00:00','2010-01-20 22:00:00','2015-03-20 21:00:00'),(114,9,0.3,'2025-12-20 21:00:00','2010-01-20 22:00:00','2015-03-20 21:00:00'),(115,10,0.3,'2025-12-20 21:00:00','2010-01-20 22:00:00','2015-03-20 21:00:00'),(116,11,0.3,'2025-12-20 21:00:00','2010-01-20 22:00:00','2015-03-20 21:00:00'),(117,12,0.3,'2025-12-20 21:00:00','2010-01-20 22:00:00','2015-03-20 21:00:00'),(118,13,0.3,'2025-12-20 21:00:00','2010-01-20 22:00:00','2015-03-20 21:00:00'),(119,14,0.3,'2025-12-20 21:00:00','2010-01-20 22:00:00','2015-03-20 21:00:00'),(120,15,0.3,'2025-12-20 21:00:00','2010-01-20 22:00:00','2015-03-20 21:00:00'),(121,16,0.3,'2025-12-20 21:00:00','2010-01-20 22:00:00','2015-03-20 21:00:00'),(122,17,0.3,'2025-12-20 21:00:00','2010-01-20 22:00:00','2015-03-20 21:00:00'),(123,18,0.3,'2025-12-20 21:00:00','2010-01-20 22:00:00','2015-03-20 21:00:00'),(124,19,0.3,'2025-12-20 21:00:00','2010-01-20 22:00:00','2015-03-20 21:00:00'),(125,20,0.3,'2025-12-20 21:00:00','2010-01-20 22:00:00','2015-03-20 21:00:00'),(126,21,0.3,'2025-12-20 21:00:00','2010-01-20 22:00:00','2015-03-20 21:00:00'),(127,22,0.3,'2025-12-20 21:00:00','2010-01-20 22:00:00','2015-03-20 21:00:00'),(128,23,0.3,'2025-12-20 21:00:00','2010-01-20 22:00:00','2015-03-20 21:00:00'),(129,24,0.3,'2025-12-20 21:00:00','2010-01-20 22:00:00','2015-03-20 21:00:00'),(130,25,0.3,'2025-12-20 21:00:00','2010-01-20 22:00:00','2015-03-20 21:00:00'),(131,26,0.3,'2025-12-20 21:00:00','2010-01-20 22:00:00','2015-03-20 21:00:00'),(132,27,0.3,'2025-12-20 21:00:00','2010-01-20 22:00:00','2015-03-20 21:00:00'),(133,28,0.3,'2025-12-20 21:00:00','2010-01-20 22:00:00','2015-03-20 21:00:00'),(134,29,0.3,'2025-12-20 21:00:00','2010-01-20 22:00:00','2015-03-20 21:00:00'),(135,30,0.3,'2025-12-20 21:00:00','2010-01-20 22:00:00','2015-03-20 21:00:00'),(136,31,0.3,'2025-12-20 21:00:00','2010-01-20 22:00:00','2015-03-20 21:00:00'),(137,32,0.3,'2025-12-20 21:00:00','2010-01-20 22:00:00','2015-03-20 21:00:00'),(138,33,0.3,'2025-12-20 21:00:00','2010-01-20 22:00:00','2015-03-20 21:00:00'),(139,34,0.3,'2025-12-20 21:00:00','2010-01-20 22:00:00','2015-03-20 21:00:00'),(140,35,0.3,'2025-12-20 21:00:00','2010-01-20 22:00:00','2015-03-20 21:00:00'),(141,36,0.3,'2025-12-20 21:00:00','2010-01-20 22:00:00','2015-03-20 21:00:00'),(142,37,0.3,'2025-12-20 21:00:00','2010-01-20 22:00:00','2015-03-20 21:00:00'),(143,38,0.3,'2025-12-20 21:00:00','2010-01-20 22:00:00','2015-03-20 21:00:00'),(144,39,0.3,'2025-12-20 21:00:00','2010-01-20 22:00:00','2015-03-20 21:00:00'),(145,40,0.3,'2025-12-20 21:00:00','2010-01-20 22:00:00','2015-03-20 21:00:00'),(146,41,0.3,'2025-12-20 21:00:00','2010-01-20 22:00:00','2015-03-20 21:00:00'),(147,42,0.3,'2025-12-20 21:00:00','2010-01-20 22:00:00','2015-03-20 21:00:00'),(148,43,0.3,'2025-12-20 21:00:00','2010-01-20 22:00:00','2015-03-20 21:00:00'),(149,44,0.3,'2025-12-20 21:00:00','2010-01-20 22:00:00','2015-03-20 21:00:00'),(150,45,0.3,'2025-12-20 21:00:00','2010-01-20 22:00:00','2015-03-20 21:00:00'),(151,46,0.3,'2025-12-20 21:00:00','2010-01-20 22:00:00','2015-03-20 21:00:00'),(152,47,0.3,'2025-12-20 21:00:00','2010-01-20 22:00:00','2015-03-20 21:00:00'),(153,48,0.3,'2025-12-20 21:00:00','2010-01-20 22:00:00','2015-03-20 21:00:00'),(154,49,0.3,'2025-12-20 21:00:00','2010-01-20 22:00:00','2015-03-20 21:00:00'),(155,50,0.3,'2025-12-20 21:00:00','2010-01-20 22:00:00','2015-03-20 21:00:00'),(156,51,0.3,'2025-12-20 21:00:00','2010-01-20 22:00:00','2015-03-20 21:00:00'),(157,52,0.3,'2025-12-20 21:00:00','2010-01-20 22:00:00','2015-03-20 21:00:00'),(158,53,0.3,'2025-12-20 21:00:00','2010-01-20 22:00:00','2015-03-20 21:00:00'),(159,54,0.3,'2025-12-20 21:00:00','2010-01-20 22:00:00','2015-03-20 21:00:00'),(160,55,0.3,'2025-12-20 21:00:00','2010-01-20 22:00:00','2015-03-20 21:00:00'),(161,56,0.3,'2025-12-20 21:00:00','2010-01-20 22:00:00','2015-03-20 21:00:00'),(162,57,0.3,'2025-12-20 21:00:00','2010-01-20 22:00:00','2015-03-20 21:00:00'),(163,58,0.3,'2025-12-20 21:00:00','2010-01-20 22:00:00','2015-03-20 21:00:00'),(164,59,0.3,'2025-12-20 21:00:00','2010-01-20 22:00:00','2015-03-20 21:00:00'),(165,60,0.3,'2025-12-20 21:00:00','2010-01-20 22:00:00','2015-03-20 21:00:00'),(166,61,0.3,'2025-12-20 21:00:00','2010-01-20 22:00:00','2015-03-20 21:00:00'),(167,62,0.3,'2025-12-20 21:00:00','2010-01-20 22:00:00','2015-03-20 21:00:00'),(168,63,0.3,'2025-12-20 21:00:00','2010-01-20 22:00:00','2015-03-20 21:00:00'),(169,64,0.3,'2025-12-20 21:00:00','2010-01-20 22:00:00','2015-03-20 21:00:00'),(170,65,0.3,'2025-12-20 21:00:00','2010-01-20 22:00:00','2015-03-20 21:00:00'),(171,66,0.3,'2025-12-20 21:00:00','2010-01-20 22:00:00','2015-03-20 21:00:00'),(172,67,0.3,'2025-12-20 21:00:00','2010-01-20 22:00:00','2015-03-20 21:00:00'),(173,68,0.3,'2025-12-20 21:00:00','2010-01-20 22:00:00','2015-03-20 21:00:00'),(174,69,0.3,'2025-12-20 21:00:00','2010-01-20 22:00:00','2015-03-20 21:00:00'),(175,70,0.3,'2025-12-20 21:00:00','2010-01-20 22:00:00','2015-03-20 21:00:00'),(176,71,0.3,'2025-12-20 21:00:00','2010-01-20 22:00:00','2015-03-20 21:00:00'),(177,72,0.3,'2025-12-20 21:00:00','2010-01-20 22:00:00','2015-03-20 21:00:00'),(178,73,0.3,'2025-12-20 21:00:00','2010-01-20 22:00:00','2015-03-20 21:00:00'),(179,74,0.3,'2025-12-20 21:00:00','2010-01-20 22:00:00','2015-03-20 21:00:00'),(180,75,0.3,'2025-12-20 21:00:00','2010-01-20 22:00:00','2015-03-20 21:00:00'),(181,76,0.3,'2025-12-20 21:00:00','2010-01-20 22:00:00','2015-03-20 21:00:00'),(182,77,0.3,'2025-12-20 21:00:00','2010-01-20 22:00:00','2015-03-20 21:00:00'),(183,78,0.3,'2025-12-20 21:00:00','2010-01-20 22:00:00','2015-03-20 21:00:00'),(184,79,0.3,'2025-12-20 21:00:00','2010-01-20 22:00:00','2015-03-20 21:00:00'),(185,80,0.3,'2025-12-20 21:00:00','2010-01-20 22:00:00','2015-03-20 21:00:00'),(186,81,0.3,'2025-12-20 21:00:00','2010-01-20 22:00:00','2015-03-20 21:00:00'),(187,82,0.3,'2025-12-20 21:00:00','2010-01-20 22:00:00','2015-03-20 21:00:00'),(188,83,0.3,'2025-12-20 21:00:00','2010-01-20 22:00:00','2015-03-20 21:00:00'),(189,84,0.3,'2025-12-20 21:00:00','2010-01-20 22:00:00','2015-03-20 21:00:00'),(190,85,0.3,'2025-12-20 21:00:00','2010-01-20 22:00:00','2015-03-20 21:00:00'),(191,86,0.3,'2025-12-20 21:00:00','2010-01-20 22:00:00','2015-03-20 21:00:00'),(192,87,0.3,'2025-12-20 21:00:00','2010-01-20 22:00:00','2015-03-20 21:00:00'),(193,88,0.3,'2025-12-20 21:00:00','2010-01-20 22:00:00','2015-03-20 21:00:00'),(194,89,0.3,'2025-12-20 21:00:00','2010-01-20 22:00:00','2015-03-20 21:00:00'),(195,90,0.3,'2025-12-20 21:00:00','2010-01-20 22:00:00','2015-03-20 21:00:00'),(196,91,0.3,'2025-12-20 21:00:00','2010-01-20 22:00:00','2015-03-20 21:00:00'),(197,92,0.3,'2025-12-20 21:00:00','2010-01-20 22:00:00','2015-03-20 21:00:00'),(198,93,0.3,'2025-12-20 21:00:00','2010-01-20 22:00:00','2015-03-20 21:00:00'),(199,94,0.3,'2025-12-20 21:00:00','2010-01-20 22:00:00','2015-03-20 21:00:00'),(200,95,0.3,'2025-12-20 21:00:00','2010-01-20 22:00:00','2015-03-20 21:00:00'),(201,96,0.3,'2025-12-20 21:00:00','2010-01-20 22:00:00','2015-03-20 21:00:00'),(202,97,0.3,'2025-12-20 21:00:00','2010-01-20 22:00:00','2015-03-20 21:00:00'),(203,98,0.3,'2025-12-20 21:00:00','2010-01-20 22:00:00','2015-03-20 21:00:00'),(204,99,0.3,'2025-12-20 21:00:00','2010-01-20 22:00:00','2015-03-20 21:00:00'),(205,100,0.3,'2025-12-20 21:00:00','2010-01-20 22:00:00','2015-03-20 21:00:00'),(206,101,0.3,'2025-12-20 21:00:00','2010-01-20 22:00:00','2015-03-20 21:00:00'),(207,102,0.3,'2025-12-20 21:00:00','2010-01-20 22:00:00','2015-03-20 21:00:00'),(208,103,0.3,'2025-12-20 21:00:00','2010-01-20 22:00:00','2015-03-20 21:00:00'),(209,104,0.3,'2025-12-20 21:00:00','2010-01-20 22:00:00','2015-03-20 21:00:00'),(210,105,0.3,'2025-12-20 21:00:00','2010-01-20 22:00:00','2015-03-20 21:00:00');
/*!40000 ALTER TABLE `discounts_goods` ENABLE KEYS */;
UNLOCK TABLES;

--
-- Table structure for table `orders`
--

DROP TABLE IF EXISTS `orders`;
/*!40101 SET @saved_cs_client     = @@character_set_client */;
/*!50503 SET character_set_client = utf8mb4 */;
CREATE TABLE `orders` (
  `id` int unsigned NOT NULL AUTO_INCREMENT,
  `customer_id` int unsigned DEFAULT NULL,
  `created_at` datetime DEFAULT CURRENT_TIMESTAMP,
  `updated_at` datetime DEFAULT CURRENT_TIMESTAMP ON UPDATE CURRENT_TIMESTAMP,
  PRIMARY KEY (`id`),
  KEY `orders_customer_id_fk` (`customer_id`),
  CONSTRAINT `orders_customer_id_fk` FOREIGN KEY (`customer_id`) REFERENCES `customers` (`id`) ON DELETE CASCADE
) ENGINE=InnoDB AUTO_INCREMENT=301 DEFAULT CHARSET=utf8mb4 COLLATE=utf8mb4_0900_ai_ci COMMENT='Заказы';
/*!40101 SET character_set_client = @saved_cs_client */;

--
-- Dumping data for table `orders`
--

LOCK TABLES `orders` WRITE;
/*!40000 ALTER TABLE `orders` DISABLE KEYS */;
INSERT INTO `orders` VALUES (1,78,'2016-01-06 00:00:00','2016-01-06 00:00:00'),(2,29,'2016-02-05 00:00:00','2016-02-05 00:00:00'),(3,51,'2016-07-04 00:00:00','2016-07-04 00:00:00'),(4,80,'2016-07-09 00:00:00','2016-07-09 00:00:00'),(5,28,'2016-07-14 00:00:00','2016-07-14 00:00:00'),(6,57,'2016-07-19 00:00:00','2016-07-19 00:00:00'),(7,88,'2016-07-24 00:00:00','2016-07-24 00:00:00'),(8,31,'2016-07-29 00:00:00','2016-07-29 00:00:00'),(9,12,'2016-08-03 00:00:00','2016-08-03 00:00:00'),(10,41,'2016-08-08 00:00:00','2016-08-08 00:00:00'),(11,70,'2016-08-13 00:00:00','2016-08-13 00:00:00'),(12,100,'2016-08-18 00:00:00','2016-08-18 00:00:00'),(13,90,'2016-08-23 00:00:00','2016-08-23 00:00:00'),(14,2,'2016-08-28 00:00:00','2016-08-28 00:00:00'),(15,11,'2016-09-02 00:00:00','2016-09-02 00:00:00'),(16,60,'2016-09-07 00:00:00','2016-09-07 00:00:00'),(17,28,'2016-09-12 00:00:00','2016-09-12 00:00:00'),(18,89,'2016-09-17 00:00:00','2016-09-17 00:00:00'),(19,12,'2016-09-22 00:00:00','2016-09-22 00:00:00'),(20,75,'2016-09-27 00:00:00','2016-09-27 00:00:00'),(21,75,'2016-10-02 00:00:00','2016-10-02 00:00:00'),(22,98,'2016-10-07 00:00:00','2016-10-07 00:00:00'),(23,94,'2016-10-12 00:00:00','2016-10-12 00:00:00'),(24,89,'2016-10-17 00:00:00','2016-10-17 00:00:00'),(25,19,'2016-10-22 00:00:00','2016-10-22 00:00:00'),(26,44,'2016-10-27 00:00:00','2016-10-27 00:00:00'),(27,17,'2016-11-01 00:00:00','2016-11-01 00:00:00'),(28,100,'2016-11-06 00:00:00','2016-11-06 00:00:00'),(29,20,'2016-11-11 00:00:00','2016-11-11 00:00:00'),(30,85,'2016-11-16 00:00:00','2016-11-16 00:00:00'),(31,19,'2016-11-21 00:00:00','2016-11-21 00:00:00'),(32,13,'2016-11-26 00:00:00','2016-11-26 00:00:00'),(33,24,'2016-12-01 00:00:00','2016-12-01 00:00:00'),(34,32,'2016-12-06 00:00:00','2016-12-06 00:00:00'),(35,13,'2016-12-11 00:00:00','2016-12-11 00:00:00'),(36,6,'2016-12-16 00:00:00','2016-12-16 00:00:00'),(37,64,'2016-12-21 00:00:00','2016-12-21 00:00:00'),(38,67,'2016-12-26 00:00:00','2016-12-26 00:00:00'),(39,12,'2016-12-31 00:00:00','2016-12-31 00:00:00'),(40,4,'2017-01-05 00:00:00','2017-01-05 00:00:00'),(41,70,'2017-01-10 00:00:00','2017-01-10 00:00:00'),(42,47,'2017-01-15 00:00:00','2017-01-15 00:00:00'),(43,48,'2017-01-20 00:00:00','2017-01-20 00:00:00'),(44,54,'2017-01-25 00:00:00','2017-01-25 00:00:00'),(45,52,'2017-01-30 00:00:00','2017-01-30 00:00:00'),(46,53,'2017-02-04 00:00:00','2017-02-04 00:00:00'),(47,38,'2017-02-09 00:00:00','2017-02-09 00:00:00'),(48,55,'2017-02-14 00:00:00','2017-02-14 00:00:00'),(49,83,'2017-02-19 00:00:00','2017-02-19 00:00:00'),(50,6,'2017-02-24 00:00:00','2017-02-24 00:00:00'),(51,14,'2017-03-01 00:00:00','2017-03-01 00:00:00'),(52,39,'2017-03-06 00:00:00','2017-03-06 00:00:00'),(53,65,'2017-03-11 00:00:00','2017-03-11 00:00:00'),(54,63,'2017-03-16 00:00:00','2017-03-16 00:00:00'),(55,25,'2017-03-21 00:00:00','2017-03-21 00:00:00'),(56,41,'2017-03-26 00:00:00','2017-03-26 00:00:00'),(57,83,'2017-03-31 00:00:00','2017-03-31 00:00:00'),(58,91,'2017-04-05 00:00:00','2017-04-05 00:00:00'),(59,20,'2017-04-10 00:00:00','2017-04-10 00:00:00'),(60,90,'2017-04-15 00:00:00','2017-04-15 00:00:00'),(61,48,'2017-04-20 00:00:00','2017-04-20 00:00:00'),(62,30,'2017-04-25 00:00:00','2017-04-25 00:00:00'),(63,83,'2017-04-30 00:00:00','2017-04-30 00:00:00'),(64,43,'2017-05-05 00:00:00','2017-05-05 00:00:00'),(65,40,'2017-05-10 00:00:00','2017-05-10 00:00:00'),(66,15,'2017-05-15 00:00:00','2017-05-15 00:00:00'),(67,41,'2017-05-20 00:00:00','2017-05-20 00:00:00'),(68,87,'2017-05-25 00:00:00','2017-05-25 00:00:00'),(69,52,'2017-05-30 00:00:00','2017-05-30 00:00:00'),(70,69,'2017-06-04 00:00:00','2017-06-04 00:00:00'),(71,85,'2017-06-09 00:00:00','2017-06-09 00:00:00'),(72,82,'2017-06-14 00:00:00','2017-06-14 00:00:00'),(73,93,'2017-06-19 00:00:00','2017-06-19 00:00:00'),(74,22,'2017-06-24 00:00:00','2017-06-24 00:00:00'),(75,74,'2017-06-29 00:00:00','2017-06-29 00:00:00'),(76,65,'2017-07-04 00:00:00','2017-07-04 00:00:00'),(77,38,'2017-07-09 00:00:00','2017-07-09 00:00:00'),(78,39,'2017-07-14 00:00:00','2017-07-14 00:00:00'),(79,66,'2017-07-19 00:00:00','2017-07-19 00:00:00'),(80,70,'2017-07-24 00:00:00','2017-07-24 00:00:00'),(81,99,'2017-07-29 00:00:00','2017-07-29 00:00:00'),(82,53,'2017-08-03 00:00:00','2017-08-03 00:00:00'),(83,23,'2017-08-08 00:00:00','2017-08-08 00:00:00'),(84,66,'2017-08-13 00:00:00','2017-08-13 00:00:00'),(85,12,'2017-08-18 00:00:00','2017-08-18 00:00:00'),(86,47,'2017-08-23 00:00:00','2017-08-23 00:00:00'),(87,10,'2017-08-28 00:00:00','2017-08-28 00:00:00'),(88,45,'2017-09-02 00:00:00','2017-09-02 00:00:00'),(89,32,'2017-09-07 00:00:00','2017-09-07 00:00:00'),(90,4,'2017-09-12 00:00:00','2017-09-12 00:00:00'),(91,26,'2017-09-17 00:00:00','2017-09-17 00:00:00'),(92,18,'2017-09-22 00:00:00','2017-09-22 00:00:00'),(93,84,'2017-09-27 00:00:00','2017-09-27 00:00:00'),(94,32,'2017-10-02 00:00:00','2017-10-02 00:00:00'),(95,75,'2017-10-07 00:00:00','2017-10-07 00:00:00'),(96,76,'2017-10-12 00:00:00','2017-10-12 00:00:00'),(97,78,'2017-10-17 00:00:00','2017-10-17 00:00:00'),(98,5,'2017-10-22 00:00:00','2017-10-22 00:00:00'),(99,6,'2017-10-27 00:00:00','2017-10-27 00:00:00'),(100,36,'2017-11-01 00:00:00','2017-11-01 00:00:00'),(101,26,'2017-11-06 00:00:00','2017-11-06 00:00:00'),(102,99,'2017-11-11 00:00:00','2017-11-11 00:00:00'),(103,58,'2017-11-16 00:00:00','2017-11-16 00:00:00'),(104,3,'2017-11-21 00:00:00','2017-11-21 00:00:00'),(105,13,'2017-11-26 00:00:00','2017-11-26 00:00:00'),(106,15,'2017-12-01 00:00:00','2017-12-01 00:00:00'),(107,38,'2017-12-06 00:00:00','2017-12-06 00:00:00'),(108,13,'2017-12-11 00:00:00','2017-12-11 00:00:00'),(109,26,'2017-12-16 00:00:00','2017-12-16 00:00:00'),(110,22,'2017-12-21 00:00:00','2017-12-21 00:00:00'),(111,44,'2017-12-26 00:00:00','2017-12-26 00:00:00'),(112,7,'2017-12-31 00:00:00','2017-12-31 00:00:00'),(113,77,'2018-01-05 00:00:00','2018-01-05 00:00:00'),(114,57,'2018-01-10 00:00:00','2018-01-10 00:00:00'),(115,86,'2018-01-15 00:00:00','2018-01-15 00:00:00'),(116,48,'2018-01-20 00:00:00','2018-01-20 00:00:00'),(117,48,'2018-01-25 00:00:00','2018-01-25 00:00:00'),(118,2,'2018-02-24 00:00:00','2018-02-24 00:00:00'),(119,53,'2018-07-24 00:00:00','2018-07-24 00:00:00'),(120,79,'2018-07-29 00:00:00','2018-07-29 00:00:00'),(121,62,'2018-08-03 00:00:00','2018-08-03 00:00:00'),(122,75,'2018-08-08 00:00:00','2018-08-08 00:00:00'),(123,88,'2018-08-13 00:00:00','2018-08-13 00:00:00'),(124,26,'2018-08-18 00:00:00','2018-08-18 00:00:00'),(125,16,'2018-08-23 00:00:00','2018-08-23 00:00:00'),(126,60,'2018-08-28 00:00:00','2018-08-28 00:00:00'),(127,44,'2018-09-02 00:00:00','2018-09-02 00:00:00'),(128,88,'2018-09-07 00:00:00','2018-09-07 00:00:00'),(129,68,'2018-09-12 00:00:00','2018-09-12 00:00:00'),(130,94,'2018-09-17 00:00:00','2018-09-17 00:00:00'),(131,46,'2018-09-22 00:00:00','2018-09-22 00:00:00'),(132,25,'2018-09-27 00:00:00','2018-09-27 00:00:00'),(133,89,'2018-10-02 00:00:00','2018-10-02 00:00:00'),(134,44,'2018-10-07 00:00:00','2018-10-07 00:00:00'),(135,7,'2018-10-12 00:00:00','2018-10-12 00:00:00'),(136,8,'2018-10-17 00:00:00','2018-10-17 00:00:00'),(137,46,'2018-10-22 00:00:00','2018-10-22 00:00:00'),(138,95,'2018-10-27 00:00:00','2018-10-27 00:00:00'),(139,3,'2018-11-01 00:00:00','2018-11-01 00:00:00'),(140,61,'2018-11-06 00:00:00','2018-11-06 00:00:00'),(141,43,'2018-11-11 00:00:00','2018-11-11 00:00:00'),(142,74,'2018-11-16 00:00:00','2018-11-16 00:00:00'),(143,45,'2018-11-21 00:00:00','2018-11-21 00:00:00'),(144,93,'2018-11-26 00:00:00','2018-11-26 00:00:00'),(145,63,'2018-12-01 00:00:00','2018-12-01 00:00:00'),(146,36,'2018-12-06 00:00:00','2018-12-06 00:00:00'),(147,68,'2018-12-11 00:00:00','2018-12-11 00:00:00'),(148,15,'2018-12-16 00:00:00','2018-12-16 00:00:00'),(149,66,'2018-12-21 00:00:00','2018-12-21 00:00:00'),(150,82,'2018-12-26 00:00:00','2018-12-26 00:00:00'),(151,98,'2018-12-31 00:00:00','2018-12-31 00:00:00'),(152,81,'2019-01-05 00:00:00','2019-01-05 00:00:00'),(153,7,'2019-01-10 00:00:00','2019-01-10 00:00:00'),(154,88,'2019-01-15 00:00:00','2019-01-15 00:00:00'),(155,44,'2019-01-20 00:00:00','2019-01-20 00:00:00'),(156,59,'2019-01-25 00:00:00','2019-01-25 00:00:00'),(157,88,'2019-01-30 00:00:00','2019-01-30 00:00:00'),(158,58,'2019-02-04 00:00:00','2019-02-04 00:00:00'),(159,88,'2019-02-09 00:00:00','2019-02-09 00:00:00'),(160,22,'2019-02-14 00:00:00','2019-02-14 00:00:00'),(161,66,'2019-02-19 00:00:00','2019-02-19 00:00:00'),(162,55,'2019-02-24 00:00:00','2019-02-24 00:00:00'),(163,15,'2019-03-01 00:00:00','2019-03-01 00:00:00'),(164,90,'2019-03-06 00:00:00','2019-03-06 00:00:00'),(165,38,'2019-03-11 00:00:00','2019-03-11 00:00:00'),(166,25,'2019-03-16 00:00:00','2019-03-16 00:00:00'),(167,40,'2019-03-21 00:00:00','2019-03-21 00:00:00'),(168,75,'2019-03-26 00:00:00','2019-03-26 00:00:00'),(169,66,'2019-03-31 00:00:00','2019-03-31 00:00:00'),(170,12,'2019-04-05 00:00:00','2019-04-05 00:00:00'),(171,50,'2019-04-10 00:00:00','2019-04-10 00:00:00'),(172,39,'2019-04-15 00:00:00','2019-04-15 00:00:00'),(173,4,'2019-04-20 00:00:00','2019-04-20 00:00:00'),(174,38,'2019-04-25 00:00:00','2019-04-25 00:00:00'),(175,83,'2019-04-30 00:00:00','2019-04-30 00:00:00'),(176,30,'2019-05-05 00:00:00','2019-05-05 00:00:00'),(177,24,'2019-05-10 00:00:00','2019-05-10 00:00:00'),(178,80,'2019-05-15 00:00:00','2019-05-15 00:00:00'),(179,42,'2019-05-20 00:00:00','2019-05-20 00:00:00'),(180,17,'2019-05-25 00:00:00','2019-05-25 00:00:00'),(181,56,'2019-05-30 00:00:00','2019-05-30 00:00:00'),(182,82,'2019-06-04 00:00:00','2019-06-04 00:00:00'),(183,60,'2019-06-09 00:00:00','2019-06-09 00:00:00'),(184,42,'2019-06-14 00:00:00','2019-06-14 00:00:00'),(185,3,'2019-06-19 00:00:00','2019-06-19 00:00:00'),(186,37,'2019-06-24 00:00:00','2019-06-24 00:00:00'),(187,80,'2019-06-29 00:00:00','2019-06-29 00:00:00'),(188,8,'2019-07-04 00:00:00','2019-07-04 00:00:00'),(189,61,'2019-07-09 00:00:00','2019-07-09 00:00:00'),(190,17,'2019-07-14 00:00:00','2019-07-14 00:00:00'),(191,69,'2019-07-19 00:00:00','2019-07-19 00:00:00'),(192,24,'2019-07-24 00:00:00','2019-07-24 00:00:00'),(193,62,'2019-07-29 00:00:00','2019-07-29 00:00:00'),(194,7,'2019-08-03 00:00:00','2019-08-03 00:00:00'),(195,1,'2019-08-08 00:00:00','2019-08-08 00:00:00'),(196,20,'2019-08-13 00:00:00','2019-08-13 00:00:00'),(197,30,'2019-08-18 00:00:00','2019-08-18 00:00:00'),(198,18,'2019-08-23 00:00:00','2019-08-23 00:00:00'),(199,22,'2019-08-28 00:00:00','2019-08-28 00:00:00'),(200,31,'2019-09-02 00:00:00','2019-09-02 00:00:00'),(201,48,'2019-09-07 00:00:00','2019-09-07 00:00:00'),(202,50,'2019-09-12 00:00:00','2019-09-12 00:00:00'),(203,83,'2019-09-17 00:00:00','2019-09-17 00:00:00'),(204,34,'2019-09-22 00:00:00','2019-09-22 00:00:00'),(205,41,'2019-09-27 00:00:00','2019-09-27 00:00:00'),(206,28,'2019-10-02 00:00:00','2019-10-02 00:00:00'),(207,90,'2019-10-07 00:00:00','2019-10-07 00:00:00'),(208,16,'2019-10-12 00:00:00','2019-10-12 00:00:00'),(209,42,'2019-10-17 00:00:00','2019-10-17 00:00:00'),(210,3,'2019-10-22 00:00:00','2019-10-22 00:00:00'),(211,32,'2019-10-27 00:00:00','2019-10-27 00:00:00'),(212,99,'2019-11-01 00:00:00','2019-11-01 00:00:00'),(213,59,'2019-11-06 00:00:00','2019-11-06 00:00:00'),(214,31,'2019-11-11 00:00:00','2019-11-11 00:00:00'),(215,40,'2019-11-16 00:00:00','2019-11-16 00:00:00'),(216,67,'2019-11-21 00:00:00','2019-11-21 00:00:00'),(217,31,'2019-11-26 00:00:00','2019-11-26 00:00:00'),(218,81,'2019-12-01 00:00:00','2019-12-01 00:00:00'),(219,87,'2019-12-06 00:00:00','2019-12-06 00:00:00'),(220,60,'2019-12-11 00:00:00','2019-12-11 00:00:00'),(221,38,'2019-12-16 00:00:00','2019-12-16 00:00:00'),(222,6,'2019-12-21 00:00:00','2019-12-21 00:00:00'),(223,63,'2019-12-26 00:00:00','2019-12-26 00:00:00'),(224,85,'2019-12-31 00:00:00','2019-12-31 00:00:00'),(225,5,'2020-01-05 00:00:00','2020-01-05 00:00:00'),(226,15,'2020-01-10 00:00:00','2020-01-10 00:00:00'),(227,93,'2020-01-15 00:00:00','2020-01-15 00:00:00'),(228,69,'2020-01-20 00:00:00','2020-01-20 00:00:00'),(229,9,'2020-01-25 00:00:00','2020-01-25 00:00:00'),(230,56,'2020-01-30 00:00:00','2020-01-30 00:00:00'),(231,34,'2020-02-04 00:00:00','2020-02-04 00:00:00'),(232,20,'2020-02-09 00:00:00','2020-02-09 00:00:00'),(233,85,'2020-02-14 00:00:00','2020-02-14 00:00:00'),(234,40,'2020-03-15 00:00:00','2020-03-15 00:00:00'),(235,80,'2020-08-12 00:00:00','2020-08-12 00:00:00'),(236,38,'2020-08-17 00:00:00','2020-08-17 00:00:00'),(237,28,'2020-08-22 00:00:00','2020-08-22 00:00:00'),(238,65,'2020-08-27 00:00:00','2020-08-27 00:00:00'),(239,51,'2020-09-01 00:00:00','2020-09-01 00:00:00'),(240,93,'2020-09-06 00:00:00','2020-09-06 00:00:00'),(241,92,'2020-09-11 00:00:00','2020-09-11 00:00:00'),(242,27,'2020-09-16 00:00:00','2020-09-16 00:00:00'),(243,50,'2020-09-21 00:00:00','2020-09-21 00:00:00'),(244,53,'2020-09-26 00:00:00','2020-09-26 00:00:00'),(245,69,'2020-10-01 00:00:00','2020-10-01 00:00:00'),(246,76,'2020-10-06 00:00:00','2020-10-06 00:00:00'),(247,29,'2020-10-11 00:00:00','2020-10-11 00:00:00'),(248,67,'2020-10-16 00:00:00','2020-10-16 00:00:00'),(249,15,'2020-10-21 00:00:00','2020-10-21 00:00:00'),(250,69,'2020-10-26 00:00:00','2020-10-26 00:00:00'),(251,98,'2020-10-31 00:00:00','2020-10-31 00:00:00'),(252,79,'2020-11-05 00:00:00','2020-11-05 00:00:00'),(253,35,'2020-11-10 00:00:00','2020-11-10 00:00:00'),(254,15,'2020-11-15 00:00:00','2020-11-15 00:00:00'),(255,14,'2020-11-20 00:00:00','2020-11-20 00:00:00'),(256,71,'2020-11-25 00:00:00','2020-11-25 00:00:00'),(257,82,'2020-11-30 00:00:00','2020-11-30 00:00:00'),(258,82,'2020-12-05 00:00:00','2020-12-05 00:00:00'),(259,94,'2020-12-10 00:00:00','2020-12-10 00:00:00'),(260,30,'2020-12-15 00:00:00','2020-12-15 00:00:00'),(261,28,'2020-12-20 00:00:00','2020-12-20 00:00:00'),(262,56,'2020-12-25 00:00:00','2020-12-25 00:00:00'),(263,72,'2020-12-30 00:00:00','2020-12-30 00:00:00'),(264,11,'2021-01-04 00:00:00','2021-01-04 00:00:00'),(265,42,'2021-01-09 00:00:00','2021-01-09 00:00:00'),(266,22,'2021-01-14 00:00:00','2021-01-14 00:00:00'),(267,19,'2021-01-19 00:00:00','2021-01-19 00:00:00'),(268,46,'2021-01-24 00:00:00','2021-01-24 00:00:00'),(269,51,'2021-01-29 00:00:00','2021-01-29 00:00:00'),(270,11,'2021-02-03 00:00:00','2021-02-03 00:00:00'),(271,36,'2021-02-08 00:00:00','2021-02-08 00:00:00'),(272,79,'2021-02-13 00:00:00','2021-02-13 00:00:00'),(273,96,'2021-02-18 00:00:00','2021-02-18 00:00:00'),(274,72,'2021-02-23 00:00:00','2021-02-23 00:00:00'),(275,35,'2021-02-28 00:00:00','2021-02-28 00:00:00'),(276,54,'2021-03-05 00:00:00','2021-03-05 00:00:00'),(277,6,'2021-03-10 00:00:00','2021-03-10 00:00:00'),(278,44,'2021-03-15 00:00:00','2021-03-15 00:00:00'),(279,59,'2021-03-20 00:00:00','2021-03-20 00:00:00'),(280,97,'2021-03-25 00:00:00','2021-03-25 00:00:00'),(281,87,'2021-03-30 00:00:00','2021-03-30 00:00:00'),(282,90,'2021-04-04 00:00:00','2021-04-04 00:00:00'),(283,77,'2021-04-09 00:00:00','2021-04-09 00:00:00'),(284,20,'2021-04-14 00:00:00','2021-04-14 00:00:00'),(285,14,'2021-04-19 00:00:00','2021-04-19 00:00:00'),(286,47,'2021-04-24 00:00:00','2021-04-24 00:00:00'),(287,31,'2021-04-29 00:00:00','2021-04-29 00:00:00'),(288,90,'2021-05-04 00:00:00','2021-05-04 00:00:00'),(289,24,'2021-05-09 00:00:00','2021-05-09 00:00:00'),(290,87,'2021-05-14 00:00:00','2021-05-14 00:00:00'),(291,100,'2021-05-19 00:00:00','2021-05-19 00:00:00'),(292,5,'2021-05-24 00:00:00','2021-05-24 00:00:00'),(293,67,'2021-05-29 00:00:00','2021-05-29 00:00:00'),(294,41,'2021-06-03 00:00:00','2021-06-03 00:00:00'),(295,60,'2021-06-08 00:00:00','2021-06-08 00:00:00'),(296,59,'2021-06-13 00:00:00','2021-06-13 00:00:00'),(297,37,'2021-06-18 00:00:00','2021-06-18 00:00:00'),(298,73,'2021-06-23 00:00:00','2021-06-23 00:00:00'),(299,84,'2021-06-28 00:00:00','2021-06-28 00:00:00'),(300,52,'2021-07-03 00:00:00','2021-07-03 00:00:00');
/*!40000 ALTER TABLE `orders` ENABLE KEYS */;
UNLOCK TABLES;

--
-- Table structure for table `orders_products`
--

DROP TABLE IF EXISTS `orders_products`;
/*!40101 SET @saved_cs_client     = @@character_set_client */;
/*!50503 SET character_set_client = utf8mb4 */;
CREATE TABLE `orders_products` (
  `id` int unsigned NOT NULL AUTO_INCREMENT,
  `order_id` int unsigned DEFAULT NULL,
  `product_id` int unsigned DEFAULT NULL,
  `total` int unsigned DEFAULT '1' COMMENT 'Количество заказанных товарных позиций',
  `created_at` datetime DEFAULT CURRENT_TIMESTAMP,
  `updated_at` datetime DEFAULT CURRENT_TIMESTAMP ON UPDATE CURRENT_TIMESTAMP,
  PRIMARY KEY (`id`),
  KEY `orders_products_order_id_fk` (`order_id`),
  KEY `orders_products_product_id_fk` (`product_id`),
  CONSTRAINT `orders_products_order_id_fk` FOREIGN KEY (`order_id`) REFERENCES `orders` (`id`) ON DELETE CASCADE,
  CONSTRAINT `orders_products_product_id_fk` FOREIGN KEY (`product_id`) REFERENCES `products` (`id`) ON DELETE CASCADE
) ENGINE=InnoDB AUTO_INCREMENT=301 DEFAULT CHARSET=utf8mb4 COLLATE=utf8mb4_0900_ai_ci COMMENT='Состав заказа';
/*!40101 SET character_set_client = @saved_cs_client */;

--
-- Dumping data for table `orders_products`
--

LOCK TABLES `orders_products` WRITE;
/*!40000 ALTER TABLE `orders_products` DISABLE KEYS */;
INSERT INTO `orders_products` VALUES (1,1,70,1,'2016-01-06 00:00:00','2016-01-06 00:00:00'),(2,2,84,1,'2016-02-05 00:00:00','2016-02-05 00:00:00'),(3,3,45,1,'2016-07-04 00:00:00','2016-07-04 00:00:00'),(4,4,83,1,'2016-07-09 00:00:00','2016-07-09 00:00:00'),(5,5,49,1,'2016-07-14 00:00:00','2016-07-14 00:00:00'),(6,6,80,1,'2016-07-19 00:00:00','2016-07-19 00:00:00'),(7,7,75,1,'2016-07-24 00:00:00','2016-07-24 00:00:00'),(8,8,22,1,'2016-07-29 00:00:00','2016-07-29 00:00:00'),(9,9,63,1,'2016-08-03 00:00:00','2016-08-03 00:00:00'),(10,10,37,1,'2016-08-08 00:00:00','2016-08-08 00:00:00'),(11,11,40,1,'2016-08-13 00:00:00','2016-08-13 00:00:00'),(12,12,87,1,'2016-08-18 00:00:00','2016-08-18 00:00:00'),(13,13,57,1,'2016-08-23 00:00:00','2016-08-23 00:00:00'),(14,14,23,1,'2016-08-28 00:00:00','2016-08-28 00:00:00'),(15,15,51,1,'2016-09-02 00:00:00','2016-09-02 00:00:00'),(16,16,66,1,'2016-09-07 00:00:00','2016-09-07 00:00:00'),(17,17,103,1,'2016-09-12 00:00:00','2016-09-12 00:00:00'),(18,18,98,1,'2016-09-17 00:00:00','2016-09-17 00:00:00'),(19,19,104,1,'2016-09-22 00:00:00','2016-09-22 00:00:00'),(20,20,60,1,'2016-09-27 00:00:00','2016-09-27 00:00:00'),(21,21,51,1,'2016-10-02 00:00:00','2016-10-02 00:00:00'),(22,22,78,1,'2016-10-07 00:00:00','2016-10-07 00:00:00'),(23,23,87,1,'2016-10-12 00:00:00','2016-10-12 00:00:00'),(24,24,31,1,'2016-10-17 00:00:00','2016-10-17 00:00:00'),(25,25,36,1,'2016-10-22 00:00:00','2016-10-22 00:00:00'),(26,26,79,1,'2016-10-27 00:00:00','2016-10-27 00:00:00'),(27,27,1,1,'2016-11-01 00:00:00','2016-11-01 00:00:00'),(28,28,86,1,'2016-11-06 00:00:00','2016-11-06 00:00:00'),(29,29,44,1,'2016-11-11 00:00:00','2016-11-11 00:00:00'),(30,30,68,1,'2016-11-16 00:00:00','2016-11-16 00:00:00'),(31,31,71,1,'2016-11-21 00:00:00','2016-11-21 00:00:00'),(32,32,83,1,'2016-11-26 00:00:00','2016-11-26 00:00:00'),(33,33,93,1,'2016-12-01 00:00:00','2016-12-01 00:00:00'),(34,34,66,1,'2016-12-06 00:00:00','2016-12-06 00:00:00'),(35,35,43,1,'2016-12-11 00:00:00','2016-12-11 00:00:00'),(36,36,98,1,'2016-12-16 00:00:00','2016-12-16 00:00:00'),(37,37,47,1,'2016-12-21 00:00:00','2016-12-21 00:00:00'),(38,38,64,1,'2016-12-26 00:00:00','2016-12-26 00:00:00'),(39,39,87,1,'2016-12-31 00:00:00','2016-12-31 00:00:00'),(40,40,65,1,'2017-01-05 00:00:00','2017-01-05 00:00:00'),(41,41,65,1,'2017-01-10 00:00:00','2017-01-10 00:00:00'),(42,42,73,1,'2017-01-15 00:00:00','2017-01-15 00:00:00'),(43,43,87,1,'2017-01-20 00:00:00','2017-01-20 00:00:00'),(44,44,94,1,'2017-01-25 00:00:00','2017-01-25 00:00:00'),(45,45,59,1,'2017-01-30 00:00:00','2017-01-30 00:00:00'),(46,46,3,1,'2017-02-04 00:00:00','2017-02-04 00:00:00'),(47,47,32,1,'2017-02-09 00:00:00','2017-02-09 00:00:00'),(48,48,4,1,'2017-02-14 00:00:00','2017-02-14 00:00:00'),(49,49,101,1,'2017-02-19 00:00:00','2017-02-19 00:00:00'),(50,50,85,1,'2017-02-24 00:00:00','2017-02-24 00:00:00'),(51,51,20,1,'2017-03-01 00:00:00','2017-03-01 00:00:00'),(52,52,78,1,'2017-03-06 00:00:00','2017-03-06 00:00:00'),(53,53,54,1,'2017-03-11 00:00:00','2017-03-11 00:00:00'),(54,54,64,1,'2017-03-16 00:00:00','2017-03-16 00:00:00'),(55,55,8,1,'2017-03-21 00:00:00','2017-03-21 00:00:00'),(56,56,65,1,'2017-03-26 00:00:00','2017-03-26 00:00:00'),(57,57,19,1,'2017-03-31 00:00:00','2017-03-31 00:00:00'),(58,58,7,1,'2017-04-05 00:00:00','2017-04-05 00:00:00'),(59,59,83,1,'2017-04-10 00:00:00','2017-04-10 00:00:00'),(60,60,29,1,'2017-04-15 00:00:00','2017-04-15 00:00:00'),(61,61,95,1,'2017-04-20 00:00:00','2017-04-20 00:00:00'),(62,62,20,1,'2017-04-25 00:00:00','2017-04-25 00:00:00'),(63,63,50,1,'2017-04-30 00:00:00','2017-04-30 00:00:00'),(64,64,103,1,'2017-05-05 00:00:00','2017-05-05 00:00:00'),(65,65,84,1,'2017-05-10 00:00:00','2017-05-10 00:00:00'),(66,66,92,1,'2017-05-15 00:00:00','2017-05-15 00:00:00'),(67,67,94,1,'2017-05-20 00:00:00','2017-05-20 00:00:00'),(68,68,25,1,'2017-05-25 00:00:00','2017-05-25 00:00:00'),(69,69,56,1,'2017-05-30 00:00:00','2017-05-30 00:00:00'),(70,70,97,1,'2017-06-04 00:00:00','2017-06-04 00:00:00'),(71,71,16,1,'2017-06-09 00:00:00','2017-06-09 00:00:00'),(72,72,63,1,'2017-06-14 00:00:00','2017-06-14 00:00:00'),(73,73,30,1,'2017-06-19 00:00:00','2017-06-19 00:00:00'),(74,74,87,1,'2017-06-24 00:00:00','2017-06-24 00:00:00'),(75,75,86,1,'2017-06-29 00:00:00','2017-06-29 00:00:00'),(76,76,49,1,'2017-07-04 00:00:00','2017-07-04 00:00:00'),(77,77,44,1,'2017-07-09 00:00:00','2017-07-09 00:00:00'),(78,78,8,1,'2017-07-14 00:00:00','2017-07-14 00:00:00'),(79,79,37,1,'2017-07-19 00:00:00','2017-07-19 00:00:00'),(80,80,64,1,'2017-07-24 00:00:00','2017-07-24 00:00:00'),(81,81,100,1,'2017-07-29 00:00:00','2017-07-29 00:00:00'),(82,82,57,1,'2017-08-03 00:00:00','2017-08-03 00:00:00'),(83,83,95,1,'2017-08-08 00:00:00','2017-08-08 00:00:00'),(84,84,56,1,'2017-08-13 00:00:00','2017-08-13 00:00:00'),(85,85,14,1,'2017-08-18 00:00:00','2017-08-18 00:00:00'),(86,86,44,1,'2017-08-23 00:00:00','2017-08-23 00:00:00'),(87,87,95,1,'2017-08-28 00:00:00','2017-08-28 00:00:00'),(88,88,7,1,'2017-09-02 00:00:00','2017-09-02 00:00:00'),(89,89,92,1,'2017-09-07 00:00:00','2017-09-07 00:00:00'),(90,90,38,1,'2017-09-12 00:00:00','2017-09-12 00:00:00'),(91,91,74,1,'2017-09-17 00:00:00','2017-09-17 00:00:00'),(92,92,45,1,'2017-09-22 00:00:00','2017-09-22 00:00:00'),(93,93,6,1,'2017-09-27 00:00:00','2017-09-27 00:00:00'),(94,94,93,1,'2017-10-02 00:00:00','2017-10-02 00:00:00'),(95,95,33,1,'2017-10-07 00:00:00','2017-10-07 00:00:00'),(96,96,62,1,'2017-10-12 00:00:00','2017-10-12 00:00:00'),(97,97,4,1,'2017-10-17 00:00:00','2017-10-17 00:00:00'),(98,98,43,1,'2017-10-22 00:00:00','2017-10-22 00:00:00'),(99,99,32,1,'2017-10-27 00:00:00','2017-10-27 00:00:00'),(100,100,57,1,'2017-11-01 00:00:00','2017-11-01 00:00:00'),(101,101,30,1,'2017-11-06 00:00:00','2017-11-06 00:00:00'),(102,102,87,1,'2017-11-11 00:00:00','2017-11-11 00:00:00'),(103,103,42,1,'2017-11-16 00:00:00','2017-11-16 00:00:00'),(104,104,92,1,'2017-11-21 00:00:00','2017-11-21 00:00:00'),(105,105,87,1,'2017-11-26 00:00:00','2017-11-26 00:00:00'),(106,106,9,1,'2017-12-01 00:00:00','2017-12-01 00:00:00'),(107,107,45,1,'2017-12-06 00:00:00','2017-12-06 00:00:00'),(108,108,5,1,'2017-12-11 00:00:00','2017-12-11 00:00:00'),(109,109,77,1,'2017-12-16 00:00:00','2017-12-16 00:00:00'),(110,110,13,1,'2017-12-21 00:00:00','2017-12-21 00:00:00'),(111,111,32,1,'2017-12-26 00:00:00','2017-12-26 00:00:00'),(112,112,78,1,'2017-12-31 00:00:00','2017-12-31 00:00:00'),(113,113,96,1,'2018-01-05 00:00:00','2018-01-05 00:00:00'),(114,114,71,1,'2018-01-10 00:00:00','2018-01-10 00:00:00'),(115,115,90,1,'2018-01-15 00:00:00','2018-01-15 00:00:00'),(116,116,44,1,'2018-01-20 00:00:00','2018-01-20 00:00:00'),(117,117,60,1,'2018-01-25 00:00:00','2018-01-25 00:00:00'),(118,118,57,1,'2018-02-24 00:00:00','2018-02-24 00:00:00'),(119,119,93,1,'2018-07-24 00:00:00','2018-07-24 00:00:00'),(120,120,51,1,'2018-07-29 00:00:00','2018-07-29 00:00:00'),(121,121,56,1,'2018-08-03 00:00:00','2018-08-03 00:00:00'),(122,122,32,1,'2018-08-08 00:00:00','2018-08-08 00:00:00'),(123,123,96,1,'2018-08-13 00:00:00','2018-08-13 00:00:00'),(124,124,17,1,'2018-08-18 00:00:00','2018-08-18 00:00:00'),(125,125,34,1,'2018-08-23 00:00:00','2018-08-23 00:00:00'),(126,126,53,1,'2018-08-28 00:00:00','2018-08-28 00:00:00'),(127,127,83,1,'2018-09-02 00:00:00','2018-09-02 00:00:00'),(128,128,33,1,'2018-09-07 00:00:00','2018-09-07 00:00:00'),(129,129,40,1,'2018-09-12 00:00:00','2018-09-12 00:00:00'),(130,130,38,1,'2018-09-17 00:00:00','2018-09-17 00:00:00'),(131,131,67,1,'2018-09-22 00:00:00','2018-09-22 00:00:00'),(132,132,36,1,'2018-09-27 00:00:00','2018-09-27 00:00:00'),(133,133,36,1,'2018-10-02 00:00:00','2018-10-02 00:00:00'),(134,134,56,1,'2018-10-07 00:00:00','2018-10-07 00:00:00'),(135,135,65,1,'2018-10-12 00:00:00','2018-10-12 00:00:00'),(136,136,56,1,'2018-10-17 00:00:00','2018-10-17 00:00:00'),(137,137,49,1,'2018-10-22 00:00:00','2018-10-22 00:00:00'),(138,138,38,1,'2018-10-27 00:00:00','2018-10-27 00:00:00'),(139,139,6,1,'2018-11-01 00:00:00','2018-11-01 00:00:00'),(140,140,45,1,'2018-11-06 00:00:00','2018-11-06 00:00:00'),(141,141,65,1,'2018-11-11 00:00:00','2018-11-11 00:00:00'),(142,142,9,1,'2018-11-16 00:00:00','2018-11-16 00:00:00'),(143,143,82,1,'2018-11-21 00:00:00','2018-11-21 00:00:00'),(144,144,91,1,'2018-11-26 00:00:00','2018-11-26 00:00:00'),(145,145,15,1,'2018-12-01 00:00:00','2018-12-01 00:00:00'),(146,146,31,1,'2018-12-06 00:00:00','2018-12-06 00:00:00'),(147,147,86,1,'2018-12-11 00:00:00','2018-12-11 00:00:00'),(148,148,101,1,'2018-12-16 00:00:00','2018-12-16 00:00:00'),(149,149,88,1,'2018-12-21 00:00:00','2018-12-21 00:00:00'),(150,150,93,1,'2018-12-26 00:00:00','2018-12-26 00:00:00'),(151,151,104,1,'2018-12-31 00:00:00','2018-12-31 00:00:00'),(152,152,65,1,'2019-01-05 00:00:00','2019-01-05 00:00:00'),(153,153,80,1,'2019-01-10 00:00:00','2019-01-10 00:00:00'),(154,154,25,1,'2019-01-15 00:00:00','2019-01-15 00:00:00'),(155,155,44,1,'2019-01-20 00:00:00','2019-01-20 00:00:00'),(156,156,1,1,'2019-01-25 00:00:00','2019-01-25 00:00:00'),(157,157,28,1,'2019-01-30 00:00:00','2019-01-30 00:00:00'),(158,158,72,1,'2019-02-04 00:00:00','2019-02-04 00:00:00'),(159,159,78,1,'2019-02-09 00:00:00','2019-02-09 00:00:00'),(160,160,25,1,'2019-02-14 00:00:00','2019-02-14 00:00:00'),(161,161,48,1,'2019-02-19 00:00:00','2019-02-19 00:00:00'),(162,162,70,1,'2019-02-24 00:00:00','2019-02-24 00:00:00'),(163,163,24,1,'2019-03-01 00:00:00','2019-03-01 00:00:00'),(164,164,35,1,'2019-03-06 00:00:00','2019-03-06 00:00:00'),(165,165,10,1,'2019-03-11 00:00:00','2019-03-11 00:00:00'),(166,166,83,1,'2019-03-16 00:00:00','2019-03-16 00:00:00'),(167,167,23,1,'2019-03-21 00:00:00','2019-03-21 00:00:00'),(168,168,40,1,'2019-03-26 00:00:00','2019-03-26 00:00:00'),(169,169,53,1,'2019-03-31 00:00:00','2019-03-31 00:00:00'),(170,170,104,1,'2019-04-05 00:00:00','2019-04-05 00:00:00'),(171,171,54,1,'2019-04-10 00:00:00','2019-04-10 00:00:00'),(172,172,20,1,'2019-04-15 00:00:00','2019-04-15 00:00:00'),(173,173,46,1,'2019-04-20 00:00:00','2019-04-20 00:00:00'),(174,174,39,1,'2019-04-25 00:00:00','2019-04-25 00:00:00'),(175,175,78,1,'2019-04-30 00:00:00','2019-04-30 00:00:00'),(176,176,36,1,'2019-05-05 00:00:00','2019-05-05 00:00:00'),(177,177,15,1,'2019-05-10 00:00:00','2019-05-10 00:00:00'),(178,178,38,1,'2019-05-15 00:00:00','2019-05-15 00:00:00'),(179,179,51,1,'2019-05-20 00:00:00','2019-05-20 00:00:00'),(180,180,5,1,'2019-05-25 00:00:00','2019-05-25 00:00:00'),(181,181,12,1,'2019-05-30 00:00:00','2019-05-30 00:00:00'),(182,182,12,1,'2019-06-04 00:00:00','2019-06-04 00:00:00'),(183,183,96,1,'2019-06-09 00:00:00','2019-06-09 00:00:00'),(184,184,103,1,'2019-06-14 00:00:00','2019-06-14 00:00:00'),(185,185,5,1,'2019-06-19 00:00:00','2019-06-19 00:00:00'),(186,186,94,1,'2019-06-24 00:00:00','2019-06-24 00:00:00'),(187,187,46,1,'2019-06-29 00:00:00','2019-06-29 00:00:00'),(188,188,40,1,'2019-07-04 00:00:00','2019-07-04 00:00:00'),(189,189,26,1,'2019-07-09 00:00:00','2019-07-09 00:00:00'),(190,190,20,1,'2019-07-14 00:00:00','2019-07-14 00:00:00'),(191,191,6,1,'2019-07-19 00:00:00','2019-07-19 00:00:00'),(192,192,59,1,'2019-07-24 00:00:00','2019-07-24 00:00:00'),(193,193,21,1,'2019-07-29 00:00:00','2019-07-29 00:00:00'),(194,194,49,1,'2019-08-03 00:00:00','2019-08-03 00:00:00'),(195,195,33,1,'2019-08-08 00:00:00','2019-08-08 00:00:00'),(196,196,25,1,'2019-08-13 00:00:00','2019-08-13 00:00:00'),(197,197,15,1,'2019-08-18 00:00:00','2019-08-18 00:00:00'),(198,198,67,1,'2019-08-23 00:00:00','2019-08-23 00:00:00'),(199,199,40,1,'2019-08-28 00:00:00','2019-08-28 00:00:00'),(200,200,70,1,'2019-09-02 00:00:00','2019-09-02 00:00:00'),(201,201,93,1,'2019-09-07 00:00:00','2019-09-07 00:00:00'),(202,202,73,1,'2019-09-12 00:00:00','2019-09-12 00:00:00'),(203,203,105,1,'2019-09-17 00:00:00','2019-09-17 00:00:00'),(204,204,33,1,'2019-09-22 00:00:00','2019-09-22 00:00:00'),(205,205,44,1,'2019-09-27 00:00:00','2019-09-27 00:00:00'),(206,206,20,1,'2019-10-02 00:00:00','2019-10-02 00:00:00'),(207,207,84,1,'2019-10-07 00:00:00','2019-10-07 00:00:00'),(208,208,29,1,'2019-10-12 00:00:00','2019-10-12 00:00:00'),(209,209,42,1,'2019-10-17 00:00:00','2019-10-17 00:00:00'),(210,210,38,1,'2019-10-22 00:00:00','2019-10-22 00:00:00'),(211,211,90,1,'2019-10-27 00:00:00','2019-10-27 00:00:00'),(212,212,35,1,'2019-11-01 00:00:00','2019-11-01 00:00:00'),(213,213,21,1,'2019-11-06 00:00:00','2019-11-06 00:00:00'),(214,214,13,1,'2019-11-11 00:00:00','2019-11-11 00:00:00'),(215,215,6,1,'2019-11-16 00:00:00','2019-11-16 00:00:00'),(216,216,34,1,'2019-11-21 00:00:00','2019-11-21 00:00:00'),(217,217,10,1,'2019-11-26 00:00:00','2019-11-26 00:00:00'),(218,218,47,1,'2019-12-01 00:00:00','2019-12-01 00:00:00'),(219,219,79,1,'2019-12-06 00:00:00','2019-12-06 00:00:00'),(220,220,19,1,'2019-12-11 00:00:00','2019-12-11 00:00:00'),(221,221,17,1,'2019-12-16 00:00:00','2019-12-16 00:00:00'),(222,222,65,1,'2019-12-21 00:00:00','2019-12-21 00:00:00'),(223,223,101,1,'2019-12-26 00:00:00','2019-12-26 00:00:00'),(224,224,14,1,'2019-12-31 00:00:00','2019-12-31 00:00:00'),(225,225,54,1,'2020-01-05 00:00:00','2020-01-05 00:00:00'),(226,226,10,1,'2020-01-10 00:00:00','2020-01-10 00:00:00'),(227,227,59,1,'2020-01-15 00:00:00','2020-01-15 00:00:00'),(228,228,21,1,'2020-01-20 00:00:00','2020-01-20 00:00:00'),(229,229,24,1,'2020-01-25 00:00:00','2020-01-25 00:00:00'),(230,230,96,1,'2020-01-30 00:00:00','2020-01-30 00:00:00'),(231,231,6,1,'2020-02-04 00:00:00','2020-02-04 00:00:00'),(232,232,30,1,'2020-02-09 00:00:00','2020-02-09 00:00:00'),(233,233,19,1,'2020-02-14 00:00:00','2020-02-14 00:00:00'),(234,234,32,1,'2020-03-15 00:00:00','2020-03-15 00:00:00'),(235,235,46,1,'2020-08-12 00:00:00','2020-08-12 00:00:00'),(236,236,103,1,'2020-08-17 00:00:00','2020-08-17 00:00:00'),(237,237,19,1,'2020-08-22 00:00:00','2020-08-22 00:00:00'),(238,238,87,1,'2020-08-27 00:00:00','2020-08-27 00:00:00'),(239,239,70,1,'2020-09-01 00:00:00','2020-09-01 00:00:00'),(240,240,30,1,'2020-09-06 00:00:00','2020-09-06 00:00:00'),(241,241,63,1,'2020-09-11 00:00:00','2020-09-11 00:00:00'),(242,242,5,1,'2020-09-16 00:00:00','2020-09-16 00:00:00'),(243,243,86,1,'2020-09-21 00:00:00','2020-09-21 00:00:00'),(244,244,2,1,'2020-09-26 00:00:00','2020-09-26 00:00:00'),(245,245,100,1,'2020-10-01 00:00:00','2020-10-01 00:00:00'),(246,246,38,1,'2020-10-06 00:00:00','2020-10-06 00:00:00'),(247,247,12,1,'2020-10-11 00:00:00','2020-10-11 00:00:00'),(248,248,37,1,'2020-10-16 00:00:00','2020-10-16 00:00:00'),(249,249,64,1,'2020-10-21 00:00:00','2020-10-21 00:00:00'),(250,250,52,1,'2020-10-26 00:00:00','2020-10-26 00:00:00'),(251,251,66,1,'2020-10-31 00:00:00','2020-10-31 00:00:00'),(252,252,44,1,'2020-11-05 00:00:00','2020-11-05 00:00:00'),(253,253,24,1,'2020-11-10 00:00:00','2020-11-10 00:00:00'),(254,254,8,1,'2020-11-15 00:00:00','2020-11-15 00:00:00'),(255,255,39,1,'2020-11-20 00:00:00','2020-11-20 00:00:00'),(256,256,75,1,'2020-11-25 00:00:00','2020-11-25 00:00:00'),(257,257,77,1,'2020-11-30 00:00:00','2020-11-30 00:00:00'),(258,258,7,1,'2020-12-05 00:00:00','2020-12-05 00:00:00'),(259,259,77,1,'2020-12-10 00:00:00','2020-12-10 00:00:00'),(260,260,43,1,'2020-12-15 00:00:00','2020-12-15 00:00:00'),(261,261,87,1,'2020-12-20 00:00:00','2020-12-20 00:00:00'),(262,262,65,1,'2020-12-25 00:00:00','2020-12-25 00:00:00'),(263,263,101,1,'2020-12-30 00:00:00','2020-12-30 00:00:00'),(264,264,81,1,'2021-01-04 00:00:00','2021-01-04 00:00:00'),(265,265,24,1,'2021-01-09 00:00:00','2021-01-09 00:00:00'),(266,266,19,1,'2021-01-14 00:00:00','2021-01-14 00:00:00'),(267,267,57,1,'2021-01-19 00:00:00','2021-01-19 00:00:00'),(268,268,25,1,'2021-01-24 00:00:00','2021-01-24 00:00:00'),(269,269,87,1,'2021-01-29 00:00:00','2021-01-29 00:00:00'),(270,270,22,1,'2021-02-03 00:00:00','2021-02-03 00:00:00'),(271,271,18,1,'2021-02-08 00:00:00','2021-02-08 00:00:00'),(272,272,16,1,'2021-02-13 00:00:00','2021-02-13 00:00:00'),(273,273,48,1,'2021-02-18 00:00:00','2021-02-18 00:00:00'),(274,274,27,1,'2021-02-23 00:00:00','2021-02-23 00:00:00'),(275,275,1,1,'2021-02-28 00:00:00','2021-02-28 00:00:00'),(276,276,93,1,'2021-03-05 00:00:00','2021-03-05 00:00:00'),(277,277,12,1,'2021-03-10 00:00:00','2021-03-10 00:00:00'),(278,278,5,1,'2021-03-15 00:00:00','2021-03-15 00:00:00'),(279,279,88,1,'2021-03-20 00:00:00','2021-03-20 00:00:00'),(280,280,20,1,'2021-03-25 00:00:00','2021-03-25 00:00:00'),(281,281,60,1,'2021-03-30 00:00:00','2021-03-30 00:00:00'),(282,282,89,1,'2021-04-04 00:00:00','2021-04-04 00:00:00'),(283,283,44,1,'2021-04-09 00:00:00','2021-04-09 00:00:00'),(284,284,4,1,'2021-04-14 00:00:00','2021-04-14 00:00:00'),(285,285,30,1,'2021-04-19 00:00:00','2021-04-19 00:00:00'),(286,286,13,1,'2021-04-24 00:00:00','2021-04-24 00:00:00'),(287,287,45,1,'2021-04-29 00:00:00','2021-04-29 00:00:00'),(288,288,62,1,'2021-05-04 00:00:00','2021-05-04 00:00:00'),(289,289,13,1,'2021-05-09 00:00:00','2021-05-09 00:00:00'),(290,290,25,1,'2021-05-14 00:00:00','2021-05-14 00:00:00'),(291,291,6,1,'2021-05-19 00:00:00','2021-05-19 00:00:00'),(292,292,22,1,'2021-05-24 00:00:00','2021-05-24 00:00:00'),(293,293,75,1,'2021-05-29 00:00:00','2021-05-29 00:00:00'),(294,294,73,1,'2021-06-03 00:00:00','2021-06-03 00:00:00'),(295,295,2,1,'2021-06-08 00:00:00','2021-06-08 00:00:00'),(296,296,38,1,'2021-06-13 00:00:00','2021-06-13 00:00:00'),(297,297,32,1,'2021-06-18 00:00:00','2021-06-18 00:00:00'),(298,298,86,1,'2021-06-23 00:00:00','2021-06-23 00:00:00'),(299,299,66,1,'2021-06-28 00:00:00','2021-06-28 00:00:00'),(300,300,67,1,'2021-07-03 00:00:00','2021-07-03 00:00:00');
/*!40000 ALTER TABLE `orders_products` ENABLE KEYS */;
UNLOCK TABLES;

--
-- Table structure for table `personal_discounts`
--

DROP TABLE IF EXISTS `personal_discounts`;
/*!40101 SET @saved_cs_client     = @@character_set_client */;
/*!50503 SET character_set_client = utf8mb4 */;
CREATE TABLE `personal_discounts` (
  `id` int unsigned NOT NULL AUTO_INCREMENT,
  `customer_id` int unsigned DEFAULT NULL,
  `discount` float unsigned DEFAULT NULL COMMENT 'Величина скидки от 0.0 до 1.0',
  `started_at` datetime DEFAULT NULL,
  `finished_at` datetime DEFAULT NULL,
  `created_at` datetime DEFAULT CURRENT_TIMESTAMP,
  PRIMARY KEY (`id`),
  KEY `personal_discounts_customer_id_fk` (`customer_id`),
  CONSTRAINT `personal_discounts_customer_id_fk` FOREIGN KEY (`customer_id`) REFERENCES `customers` (`id`) ON DELETE CASCADE
) ENGINE=InnoDB AUTO_INCREMENT=8 DEFAULT CHARSET=utf8mb4 COLLATE=utf8mb4_0900_ai_ci COMMENT='Скидки';
/*!40101 SET character_set_client = @saved_cs_client */;

--
-- Dumping data for table `personal_discounts`
--

LOCK TABLES `personal_discounts` WRITE;
/*!40000 ALTER TABLE `personal_discounts` DISABLE KEYS */;
INSERT INTO `personal_discounts` VALUES (1,1,0.2,'2018-01-01 00:00:00','2025-12-31 00:00:00','2017-12-01 00:00:00'),(2,2,0.2,'2018-01-01 00:00:00','2025-12-31 00:00:00','2017-12-01 00:00:00'),(3,3,0.2,'2018-01-01 00:00:00','2025-12-31 00:00:00','2017-12-01 00:00:00'),(4,4,0.2,'2018-01-01 00:00:00','2025-12-31 00:00:00','2017-12-01 00:00:00'),(5,5,0.2,'2018-01-01 00:00:00','2025-12-31 00:00:00','2017-12-01 00:00:00'),(6,25,0.1,'2018-01-01 00:00:00','2025-12-31 00:00:00','2017-12-01 00:00:00'),(7,34,0.1,'2018-01-01 00:00:00','2025-12-31 00:00:00','2017-12-01 00:00:00');
/*!40000 ALTER TABLE `personal_discounts` ENABLE KEYS */;
UNLOCK TABLES;

--
-- Table structure for table `products`
--

DROP TABLE IF EXISTS `products`;
/*!40101 SET @saved_cs_client     = @@character_set_client */;
/*!50503 SET character_set_client = utf8mb4 */;
CREATE TABLE `products` (
  `id` int unsigned NOT NULL AUTO_INCREMENT,
  `catalog_id` int unsigned DEFAULT NULL,
  `name` varchar(255) DEFAULT NULL COMMENT 'Название',
  `brand_id` int unsigned DEFAULT NULL,
  `size` enum('10 oz','12 oz','14 oz','S','M','L','XL','3 метра','3,5 метра','4 метра','4,5 метра','36','37','38','39','40','41','42','43','44','45','') DEFAULT NULL,
  `desription` text COMMENT 'Описание товара',
  `color` enum('красный','синий','белый','серый','черный','коричневый','желтый','') DEFAULT NULL,
  `price` decimal(10,2) DEFAULT NULL,
  `created_at` datetime DEFAULT CURRENT_TIMESTAMP,
  `updated_at` datetime DEFAULT CURRENT_TIMESTAMP ON UPDATE CURRENT_TIMESTAMP,
  PRIMARY KEY (`id`),
  KEY `products_brand_id_fk` (`brand_id`),
  KEY `products_catalog_id_fk` (`catalog_id`),
  CONSTRAINT `products_brand_id_fk` FOREIGN KEY (`brand_id`) REFERENCES `brands` (`id`) ON DELETE CASCADE,
  CONSTRAINT `products_catalog_id_fk` FOREIGN KEY (`catalog_id`) REFERENCES `catalogs` (`id`) ON DELETE CASCADE
) ENGINE=InnoDB AUTO_INCREMENT=107 DEFAULT CHARSET=utf8mb4 COLLATE=utf8mb4_0900_ai_ci COMMENT='Товарные позиции';
/*!40101 SET character_set_client = @saved_cs_client */;

--
-- Dumping data for table `products`
--

LOCK TABLES `products` WRITE;
/*!40000 ALTER TABLE `products` DISABLE KEYS */;
INSERT INTO `products` VALUES (1,1,'Green Hill wolf',1,'14 oz','Боксерские перчатки \"WOLF\" являются уникальным предложением на рынке. \r\n    Удлиненный манжет с плотным наполнителем обеспечивает повышенную защиту рук от ударов ногами. \r\n    Перчатки выполнены из натуральной кожи буйвола. Наполнитель - формованный пенополиуретан технологии Pre-SHAPE. \r\n    В перчатках применена технология \"ANTISHOCK SYSTEM\" для снижения риска травмы принимающего удар боксера. \r\n    Манжет на липучке.','черный',4500.00,'2021-03-18 17:10:21','2021-03-18 17:10:21'),(2,1,'Green Hill wolf',1,'12 oz','Боксерские перчатки \"WOLF\" являются уникальным предложением на рынке. \r\n    Удлиненный манжет с плотным наполнителем обеспечивает повышенную защиту рук от ударов ногами. \r\n    Перчатки выполнены из натуральной кожи буйвола. Наполнитель - формованный пенополиуретан технологии Pre-SHAPE. \r\n    В перчатках применена технология \"ANTISHOCK SYSTEM\" для снижения риска травмы принимающего удар боксера. \r\n    Манжет на липучке.','красный',4500.00,'2021-03-18 17:10:21','2021-03-18 17:10:21'),(3,1,'Green Hill wolf',1,'10 oz','Боксерские перчатки \"WOLF\" являются уникальным предложением на рынке. \r\n    Удлиненный манжет с плотным наполнителем обеспечивает повышенную защиту рук от ударов ногами. \r\n    Перчатки выполнены из натуральной кожи буйвола. Наполнитель - формованный пенополиуретан технологии Pre-SHAPE. \r\n    В перчатках применена технология \"ANTISHOCK SYSTEM\" для снижения риска травмы принимающего удар боксера. \r\n    Манжет на липучке.','синий',3500.00,'2021-03-18 17:10:21','2021-03-18 17:10:21'),(4,1,'Venum Elite',5,'12 oz','Боксерские перчатки Venum Elite. Боксёрские перчатки высокого класса, которые хорошо защищают руку их владельца. \r\n    Выполнены с учетом всех законов эргономики.\r\n    Идеально сочетание стиля и комфорта. Эти боксерские перчатки Venum были выбраны такими профессионалами своего дела как Вандерлей Силва, \r\n    Карлос Кондит, Лиото Мачида, Фрэнки Эдгар и многими другими.\r\n    Высококачественный наполнитель(пена) снижает силу удара, тем самым защищает кисть бойца и лицо его партнера.\r\n    Широкая застежка, обеспечивающая надежную фиксацию перчаток Venum на запястье. Так же застежка снабжена резиновой вставкой, для регулирования обхвата кисти.\r\n    Очень качественно сделанные швы.\r\n    Внешний материал перчаток для бокса Venum Elite - Premium Skintex leather.','черный',6000.00,'2021-03-18 17:10:21','2021-03-18 17:10:21'),(5,1,'Venum Elite',5,'14 oz','Боксерские перчатки Venum Elite. Боксёрские перчатки высокого класса, которые хорошо защищают руку их владельца. \r\n    Выполнены с учетом всех законов эргономики.\r\n    Идеально сочетание стиля и комфорта. Эти боксерские перчатки Venum были выбраны такими профессионалами своего дела как Вандерлей Силва, \r\n    Карлос Кондит, Лиото Мачида, Фрэнки Эдгар и многими другими.\r\n    Высококачественный наполнитель(пена) снижает силу удара, тем самым защищает кисть бойца и лицо его партнера.\r\n    Широкая застежка, обеспечивающая надежную фиксацию перчаток Venum на запястье. Так же застежка снабжена резиновой вставкой, для регулирования обхвата кисти.\r\n    Очень качественно сделанные швы.\r\n    Внешний материал перчаток для бокса Venum Elite - Premium Skintex leather.','белый',6000.00,'2021-03-18 17:10:21','2021-03-18 17:10:21'),(6,1,'Venum Elite',5,'12 oz','Боксерские перчатки Venum Elite. Боксёрские перчатки высокого класса, которые хорошо защищают руку их владельца. \r\n    Выполнены с учетом всех законов эргономики.\r\n    Идеально сочетание стиля и комфорта. Эти боксерские перчатки Venum были выбраны такими профессионалами своего дела как Вандерлей Силва, \r\n    Карлос Кондит, Лиото Мачида, Фрэнки Эдгар и многими другими.\r\n    Высококачественный наполнитель(пена) снижает силу удара, тем самым защищает кисть бойца и лицо его партнера.\r\n    Широкая застежка, обеспечивающая надежную фиксацию перчаток Venum на запястье. Так же застежка снабжена резиновой вставкой, для регулирования обхвата кисти.\r\n    Очень качественно сделанные швы.\r\n    Внешний материал перчаток для бокса Venum Elite - Premium Skintex leather.','черный',5680.00,'2021-03-18 17:10:21','2021-03-18 17:10:21'),(7,1,'Venum Elite',5,'12 oz','Боксерские перчатки Venum Elite. Боксёрские перчатки высокого класса, которые хорошо защищают руку их владельца. \r\n    Выполнены с учетом всех законов эргономики.\r\n    Идеально сочетание стиля и комфорта. Эти боксерские перчатки Venum были выбраны такими профессионалами своего дела как Вандерлей Силва, \r\n    Карлос Кондит, Лиото Мачида, Фрэнки Эдгар и многими другими.\r\n    Высококачественный наполнитель(пена) снижает силу удара, тем самым защищает кисть бойца и лицо его партнера.\r\n    Широкая застежка, обеспечивающая надежную фиксацию перчаток Venum на запястье. Так же застежка снабжена резиновой вставкой, для регулирования обхвата кисти.\r\n    Очень качественно сделанные швы.\r\n    Внешний материал перчаток для бокса Venum Elite - Premium Skintex leather.','белый',5700.00,'2021-03-18 17:10:21','2021-03-18 17:10:21'),(8,1,'Venum  Impact Dark Camo/Sand',5,'12 oz','Перчатки боксерские Venum  Impact Dark Camo/Sand изготовлены вручную из премиальной синтетической кожи Skintex. \r\n    Усиленные швы и внутренняя подкладка обеспечивают долговечность и комфорт при любых ударах.\r\n    Пена высокой плотности обеспечивает улучшенную амортизацию при ударах. Большой палец надежно защищен.\r\n    Оригинальный и яркий дизайн. трехслойная внутрення пена высокой плотности, защита большого пальца','черный',4990.00,'2021-03-18 17:10:21','2021-03-18 17:10:21'),(9,1,'Takeshi Fight Gear',6,'10 oz','Ультрамягкая и приятная на ощупь поверхность из натуральной воловьей кожи высшего качества обладает повышенной прочностью и износоустойчивостью.\r\n    Четкие, ровные швы. Приятные и комфортные перчатки как внешне, так и по ощущениям. Наполнитель из многослойной пены надежно защищает ладони и кисти рук.\r\n    Регулируемая по объему манжета способствует надежной фиксации запястья. Отверстия на ладонях обеспечивают вентиляцию рукам.\r\n    Особенность застежки в виде ремня-пряжки позволяет зафиксировать вторую перчатку самостоятельно. \r\n    Отлично подойдут для отработок ударов в парах любой интенсивности.','серый',5590.00,'2021-03-18 17:10:21','2021-03-18 17:10:21'),(10,1,'Twins Special',2,'12 oz','Материал – 100% кожа наивысшего качества. Удобная застежка на липучке. Идеальное соотношение цена – качество. \r\n    Ручная работа','черный',9500.00,'2021-03-18 17:10:21','2021-03-18 17:10:21'),(11,1,'Twins Special',2,'12 oz','Материал – 100% кожа наивысшего качества. Удобная застежка на липучке. Идеальное соотношение цена – качество. \r\n    Ручная работа','синий',9500.00,'2021-03-18 17:10:21','2021-03-18 17:10:21'),(12,1,'Twins Special',2,'12 oz','Материал – 100% кожа наивысшего качества. Удобная застежка на липучке. Идеальное соотношение цена – качество. \r\n    Ручная работа','красный',9500.00,'2021-03-18 17:10:21','2021-03-18 17:10:21'),(13,1,'Twins Special',2,'12 oz','Материал – 100% кожа наивысшего качества. Удобная застежка на липучке. Идеальное соотношение цена – качество. \r\n    Ручная работа','белый',9500.00,'2021-03-18 17:10:21','2021-03-18 17:10:21'),(14,1,'Twins Special',2,'14 oz','Материал – 100% кожа наивысшего качества. Удобная застежка на липучке. Идеальное соотношение цена – качество. \r\n    Ручная работа','черный',9500.00,'2021-03-18 17:10:21','2021-03-18 17:10:21'),(15,1,'Twins Special',2,'14 oz','Материал – 100% кожа наивысшего качества. Удобная застежка на липучке. Идеальное соотношение цена – качество. \r\n    Ручная работа','белый',9500.00,'2021-03-18 17:10:21','2021-03-18 17:10:21'),(16,1,'Twins Special',2,'14 oz','Материал – 100% кожа наивысшего качества. Удобная застежка на липучке. Идеальное соотношение цена – качество. \r\n    Ручная работа','синий',9500.00,'2021-03-18 17:10:21','2021-03-18 17:10:21'),(17,1,'Pro Style Elite',3,'12 oz','Everlast Pro Style Elite Training Gloves — тренировочные боксёрские перчатки для спаррингов и работы на снарядах.\r\n    Изготовлены из качественной искусственной кожи с применением технологий Everlast, использующихся в экипировке профессиональных спортсменов.\r\n    Благодаря выверенной анатомической форме перчатки надёжно фиксируют руку и гарантируют защиту от травм. \r\n    Нижняя часть, полностью изготовленная из сетчатого материала, обеспечивает циркуляцию воздуха и препятствует образованию влаги, \r\n    а также неприятного запаха за счёт антибактериальной пропитки EVERFRESH. Комбинация лёгких дышащих материалов поддерживает оптимальную температуру тела.\r\n    Модель подходит для начинающих боксёров, которые хотят тренироваться с экипировкой высокого класса.','черный',2690.00,'2021-03-18 17:10:21','2021-03-18 17:10:21'),(18,1,'Everlast PU Pro',3,'12 oz','Высококачественная искусственная кожа совместно с  оптимальным дизайном обеспечивают износостойкость и функциональность перчаток.\r\n    Мелкая перфорация по всей ладони позволяет коже \"дышать\".\r\n    Антибактериальная пропитка убивает нехороший запах и бактерии.\r\n    Превосходно облегают кисть, следуя всем анатомическим изгибам ладони и предплечья.\r\n    Отличный вариант для начинающих спортсменов!','красный',2599.00,'2021-03-18 17:10:21','2021-03-18 17:10:21'),(19,1,'Перчатки BGV1',4,'12 oz','универсальные модель, которая идеально подходит для Кикбоксинга, Бокса и Муай Тай.\r\n    Прекрасно подойдут для тренировочных спаррингов, выступления на соревнованиях, работы на мешках и на лапах.\r\n    Перчатки ручной работы, выполнены из натуральной кожи.\r\n    Обладают хорошей амортизацией ударов за счет внутреннего наполнения пеной.','черный',10500.00,'2021-03-18 17:10:21','2021-03-18 17:10:21'),(20,2,'Перчатки снарядные на липучке',2,'M','Застёжка липучка гарантирует надёжное крепление на запястье. Закрытый большой палец.\r\n    Подкладка из влагоотводящей искусственной ткани. Натуральная кожа топового качества. Ручная работа','черный',7490.00,'2021-03-18 17:10:21','2021-03-18 17:10:21'),(21,2,'Перчатки снарядные на липучке',2,'L','Застёжка липучка гарантирует надёжное крепление на запястье. Закрытый большой палец.\r\n    Подкладка из влагоотводящей искусственной ткани. Натуральная кожа топового качества. Ручная работа','красный',7490.00,'2021-03-18 17:10:21','2021-03-18 17:10:21'),(22,2,'Перчатки снарядные на липучке',2,'S','Застёжка липучка гарантирует надёжное крепление на запястье. Закрытый большой палец.\r\n    Подкладка из влагоотводящей искусственной ткани. Натуральная кожа топового качества. Ручная работа','черный',7000.00,'2021-03-18 17:10:21','2021-03-18 17:10:21'),(23,2,'Перчатки снарядные Everlast Protex2',3,'M','Застёжка липучка гарантирует надёжное крепление на запястье. Закрытый большой палец.\r\n    Подкладка из влагоотводящей искусственной ткани. Натуральная кожа топового качества. Ручная работа','черный',4400.00,'2021-03-18 17:10:21','2021-03-18 17:10:21'),(24,2,'Снарядные перчатки Green Hill Speed',1,'M','Застёжка липучка гарантирует надёжное крепление на запястье. Закрытый большой палец.\r\n    Подкладка из влагоотводящей искусственной ткани. Натуральная кожа топового качества. Ручная работа','красный',1680.00,'2021-03-18 17:10:21','2021-03-18 17:10:21'),(25,3,'Бинты боксерские',3,'4,5 метра','Эластичные','красный',750.00,'2021-03-18 17:10:21','2021-03-18 17:10:21'),(26,3,'Бинты боксерские',3,'4,5 метра','Эластичные','желтый',750.00,'2021-03-18 17:10:21','2021-03-18 17:10:21'),(27,3,'Бинты боксерские',3,'4,5 метра','Эластичные','синий',750.00,'2021-03-18 17:10:21','2021-03-18 17:10:21'),(28,3,'Бинты боксерские',1,'4,5 метра','Эластичные','черный',950.00,'2021-03-18 17:10:21','2021-03-18 17:10:21'),(29,3,'Бинты боксерские',4,'4,5 метра','Эластичные','белый',1000.00,'2021-03-18 17:10:21','2021-03-18 17:10:21'),(30,4,'Капа 1-челюстная gh well',1,'','Капа одночелюстная GREEN HILL WELL . Капа предназначена для защиты полости рта. \r\n    Поставляется в фирменной пластиковой коробке.','',390.00,'2021-03-18 17:10:21','2021-03-18 17:10:21'),(31,4,'Капа боксерская Everlast 1-челюстная',3,'','Одночелюстная капа от Everlast разработана специально для занятий боксом, \r\n    хотя может использоваться и в других видах единоборств. Изготовлена по правилу \"свари и укуси\" \r\n    (чтобы кастомизировать форму капы ваши челюсти, предварительно нужно нагреть ее в горячей воде*), \r\n    что гарантирует жесткую фиксацию капы для предельной защиты и удобства. * Внимание! Обязательно ознакомьтесь с инструкцией перед применением.','черный',449.00,'2021-03-18 17:10:21','2021-03-18 17:10:21'),(32,4,'Капа Everlast гелевая 1-челюстная',3,'','Evergel Mouthguard - трёхслойная капа с максимальной степенью защиты. \r\n    Помимо твёрдого наружного слоя и амортизирующей подушки из пены, эта капа с внутренней стороны усилена прослойкой геля Evergel, \r\n    который используется в профессиональных моделях перчаток для эффективной защиты от травм. \r\n    Капа термопластична и после варки приобретает индивидуальную, анатомически выверенную форму. \r\n    В комплект покупки входит стерильный кейс для хранения.','синий',1099.00,'2021-03-18 17:10:21','2021-03-18 17:10:21'),(33,4,'Капа Everlast гелевая 1-челюстная',3,'','Evergel Mouthguard - трёхслойная капа с максимальной степенью защиты. \r\n    Помимо твёрдого наружного слоя и амортизирующей подушки из пены, эта капа с внутренней стороны усилена прослойкой геля Evergel, \r\n    который используется в профессиональных моделях перчаток для эффективной защиты от травм. \r\n    Капа термопластична и после варки приобретает индивидуальную, анатомически выверенную форму. \r\n    В комплект покупки входит стерильный кейс для хранения.','белый',1099.00,'2021-03-18 17:10:21','2021-03-18 17:10:21'),(34,4,'Капа Everlast гелевая 1-челюстная',3,'','Evergel Mouthguard - трёхслойная капа с максимальной степенью защиты. \r\n    Помимо твёрдого наружного слоя и амортизирующей подушки из пены, эта капа с внутренней стороны усилена прослойкой геля Evergel, \r\n    который используется в профессиональных моделях перчаток для эффективной защиты от травм. \r\n    Капа термопластична и после варки приобретает индивидуальную, анатомически выверенную форму. \r\n    В комплект покупки входит стерильный кейс для хранения.','черный',1099.00,'2021-03-18 17:10:21','2021-03-18 17:10:21'),(35,4,'Капа боксерская Venum \"Challenger\" Mouthguard - Black/Ice',5,'','Капа Venum \"Challanger\" \r\n    разработана для предотвращения и снижения травматизма зубов, губ, челюстей и десен.\r\n    Новейшие технологии и многолетний опыт позволил сделать капу, которая садится на \r\n    Ваши зубы максимально точно и комфортно, тем самым, максимизируя безопасность и защиту. \r\n    Гелевый слой использован для увеличения комфорта, а специальный дыхательный канал повышает производительность во время боя.\r\n    Внешний резиновый слой обеспечивает смягчение ударной волны, которая рассеивается в направлении более мощных задних зубов.','черный',1750.00,'2021-03-18 17:10:21','2021-03-18 17:10:21'),(36,4,'Капа боксерская Venum \"Challenger\" Mouthguard - Black/Ice',5,'','Капа Venum \"Challanger\" \r\n    разработана для предотвращения и снижения травматизма зубов, губ, челюстей и десен.\r\n    Новейшие технологии и многолетний опыт позволил сделать капу, которая садится на \r\n    Ваши зубы максимально точно и комфортно, тем самым, максимизируя безопасность и защиту. \r\n    Гелевый слой использован для увеличения комфорта, а специальный дыхательный канал повышает производительность во время боя.\r\n    Внешний резиновый слой обеспечивает смягчение ударной волны, которая рассеивается в направлении более мощных задних зубов.','красный',1750.00,'2021-03-18 17:10:21','2021-03-18 17:10:21'),(37,5,'Шлем боксерский закрытый ring',1,'S','ренировочный закрытый боксерский шлем. Сделан из высококачественной натуральной кожи. \r\n     Усиленная защита в области ушей, скул и подбородка. Дополнительную защиту обеспечивает маска из прочного пластика, \r\n     а защита сверху шлема убережет голову от ударов ногами. Шлем фиксируется «липучкой». Обеспечивает лучшую защиту из всех существующих моделей. \r\n     К соревнованиям вас не допустят выступать в таком шлеме, но на тренировках он максимально защитит вас и убережет от повреждений.','черный',6400.00,'2021-03-18 17:10:21','2021-03-18 17:10:21'),(38,5,'Шлем боксерский закрытый ring',1,'M','ренировочный закрытый боксерский шлем. Сделан из высококачественной натуральной кожи. \r\n     Усиленная защита в области ушей, скул и подбородка. Дополнительную защиту обеспечивает маска из прочного пластика, \r\n     а защита сверху шлема убережет голову от ударов ногами. Шлем фиксируется «липучкой». Обеспечивает лучшую защиту из всех существующих моделей. \r\n     К соревнованиям вас не допустят выступать в таком шлеме, но на тренировках он максимально защитит вас и убережет от повреждений.','черный',6400.00,'2021-03-18 17:10:21','2021-03-18 17:10:21'),(39,5,'Шлем боксерский закрытый ring',1,'L','ренировочный закрытый боксерский шлем. Сделан из высококачественной натуральной кожи. \r\n     Усиленная защита в области ушей, скул и подбородка. Дополнительную защиту обеспечивает маска из прочного пластика, \r\n     а защита сверху шлема убережет голову от ударов ногами. Шлем фиксируется «липучкой». Обеспечивает лучшую защиту из всех существующих моделей. \r\n     К соревнованиям вас не допустят выступать в таком шлеме, но на тренировках он максимально защитит вас и убережет от повреждений.','черный',6400.00,'2021-03-18 17:10:21','2021-03-18 17:10:21'),(40,5,'Шлем боксерский закрытый ring',1,'XL','ренировочный закрытый боксерский шлем. Сделан из высококачественной натуральной кожи. \r\n     Усиленная защита в области ушей, скул и подбородка. Дополнительную защиту обеспечивает маска из прочного пластика, \r\n     а защита сверху шлема убережет голову от ударов ногами. Шлем фиксируется «липучкой». Обеспечивает лучшую защиту из всех существующих моделей. \r\n     К соревнованиям вас не допустят выступать в таком шлеме, но на тренировках он максимально защитит вас и убережет от повреждений.','черный',6400.00,'2021-03-18 17:10:21','2021-03-18 17:10:21'),(41,5,'Боксерский шлем Twins Special HGL-3',2,'S','Twins HGL-3 — это полнозащитный боксерский шлем, \r\n     надежно защищающий лицо фактически от любых микротравм. Его применяют на тренировках, когда важно предельно \r\n     обезопасить боксера от разнообразных микротравм лица, челюстей, костей носа и т. п. \r\n     В его конструкции предусмотрена защита щек, нижней челюсти, подбородка, можно даже сказать, фактически всего лица и головы. \r\n     Шлем может иметь красный, черный, синий цвет, предусмотренный правилами боевых единоборств (бокса, таиландского бокса).','черный',9990.00,'2021-03-18 17:10:21','2021-03-18 17:10:21'),(42,5,'Боксерский шлем Twins Special HGL-3',2,'M','Twins HGL-3 — это полнозащитный боксерский шлем, \r\n     надежно защищающий лицо фактически от любых микротравм. Его применяют на тренировках, когда важно предельно \r\n     обезопасить боксера от разнообразных микротравм лица, челюстей, костей носа и т. п. \r\n     В его конструкции предусмотрена защита щек, нижней челюсти, подбородка, можно даже сказать, фактически всего лица и головы. \r\n     Шлем может иметь красный, черный, синий цвет, предусмотренный правилами боевых единоборств (бокса, таиландского бокса).','черный',9990.00,'2021-03-18 17:10:21','2021-03-18 17:10:21'),(43,5,'Боксерский шлем Twins Special HGL-3',2,'L','Twins HGL-3 — это полнозащитный боксерский шлем, \r\n     надежно защищающий лицо фактически от любых микротравм. Его применяют на тренировках, когда важно предельно \r\n     обезопасить боксера от разнообразных микротравм лица, челюстей, костей носа и т. п. \r\n     В его конструкции предусмотрена защита щек, нижней челюсти, подбородка, можно даже сказать, фактически всего лица и головы. \r\n     Шлем может иметь красный, черный, синий цвет, предусмотренный правилами боевых единоборств (бокса, таиландского бокса).','черный',9990.00,'2021-03-18 17:10:21','2021-03-18 17:10:21'),(44,5,'Боксерский шлем Twins Special HGL-3',2,'XL','Twins HGL-3 — это полнозащитный боксерский шлем, \r\n     надежно защищающий лицо фактически от любых микротравм. Его применяют на тренировках, когда важно предельно \r\n     обезопасить боксера от разнообразных микротравм лица, челюстей, костей носа и т. п. \r\n     В его конструкции предусмотрена защита щек, нижней челюсти, подбородка, можно даже сказать, фактически всего лица и головы. \r\n     Шлем может иметь красный, черный, синий цвет, предусмотренный правилами боевых единоборств (бокса, таиландского бокса).','черный',9990.00,'2021-03-18 17:10:21','2021-03-18 17:10:21'),(45,5,'Боксерский шлем Twins Special HGL-3',2,'S','Twins HGL-3 — это полнозащитный боксерский шлем, \r\n     надежно защищающий лицо фактически от любых микротравм. Его применяют на тренировках, когда важно предельно \r\n     обезопасить боксера от разнообразных микротравм лица, челюстей, костей носа и т. п. \r\n     В его конструкции предусмотрена защита щек, нижней челюсти, подбородка, можно даже сказать, фактически всего лица и головы. \r\n     Шлем может иметь красный, черный, синий цвет, предусмотренный правилами боевых единоборств (бокса, таиландского бокса).','синий',9990.00,'2021-03-18 17:10:21','2021-03-18 17:10:21'),(46,5,'Боксерский шлем Twins Special HGL-3',2,'M','Twins HGL-3 — это полнозащитный боксерский шлем, \r\n     надежно защищающий лицо фактически от любых микротравм. Его применяют на тренировках, когда важно предельно \r\n     обезопасить боксера от разнообразных микротравм лица, челюстей, костей носа и т. п. \r\n     В его конструкции предусмотрена защита щек, нижней челюсти, подбородка, можно даже сказать, фактически всего лица и головы. \r\n     Шлем может иметь красный, черный, синий цвет, предусмотренный правилами боевых единоборств (бокса, таиландского бокса).','синий',9990.00,'2021-03-18 17:10:21','2021-03-18 17:10:21'),(47,5,'Боксерский шлем Twins Special HGL-3',2,'L','Twins HGL-3 — это полнозащитный боксерский шлем, \r\n     надежно защищающий лицо фактически от любых микротравм. Его применяют на тренировках, когда важно предельно \r\n     обезопасить боксера от разнообразных микротравм лица, челюстей, костей носа и т. п. \r\n     В его конструкции предусмотрена защита щек, нижней челюсти, подбородка, можно даже сказать, фактически всего лица и головы. \r\n     Шлем может иметь красный, черный, синий цвет, предусмотренный правилами боевых единоборств (бокса, таиландского бокса).','синий',9990.00,'2021-03-18 17:10:21','2021-03-18 17:10:21'),(48,5,'Боксерский шлем Twins Special HGL-3',2,'XL','Twins HGL-3 — это полнозащитный боксерский шлем, \r\n     надежно защищающий лицо фактически от любых микротравм. Его применяют на тренировках, когда важно предельно \r\n     обезопасить боксера от разнообразных микротравм лица, челюстей, костей носа и т. п. \r\n     В его конструкции предусмотрена защита щек, нижней челюсти, подбородка, можно даже сказать, фактически всего лица и головы. \r\n     Шлем может иметь красный, черный, синий цвет, предусмотренный правилами боевых единоборств (бокса, таиландского бокса).','синий',9990.00,'2021-03-18 17:10:21','2021-03-18 17:10:21'),(49,5,'Боксерский шлем Twins Special HGL-3',2,'S','Twins HGL-3 — это полнозащитный боксерский шлем, \r\n     надежно защищающий лицо фактически от любых микротравм. Его применяют на тренировках, когда важно предельно \r\n     обезопасить боксера от разнообразных микротравм лица, челюстей, костей носа и т. п. \r\n     В его конструкции предусмотрена защита щек, нижней челюсти, подбородка, можно даже сказать, фактически всего лица и головы. \r\n     Шлем может иметь красный, черный, синий цвет, предусмотренный правилами боевых единоборств (бокса, таиландского бокса).','белый',9990.00,'2021-03-18 17:10:21','2021-03-18 17:10:21'),(50,5,'Боксерский шлем Twins Special HGL-3',2,'M','Twins HGL-3 — это полнозащитный боксерский шлем, \r\n     надежно защищающий лицо фактически от любых микротравм. Его применяют на тренировках, когда важно предельно \r\n     обезопасить боксера от разнообразных микротравм лица, челюстей, костей носа и т. п. \r\n     В его конструкции предусмотрена защита щек, нижней челюсти, подбородка, можно даже сказать, фактически всего лица и головы. \r\n     Шлем может иметь красный, черный, синий цвет, предусмотренный правилами боевых единоборств (бокса, таиландского бокса).','белый',9990.00,'2021-03-18 17:10:21','2021-03-18 17:10:21'),(51,5,'Боксерский шлем Twins Special HGL-3',2,'L','Twins HGL-3 — это полнозащитный боксерский шлем, \r\n     надежно защищающий лицо фактически от любых микротравм. Его применяют на тренировках, когда важно предельно \r\n     обезопасить боксера от разнообразных микротравм лица, челюстей, костей носа и т. п. \r\n     В его конструкции предусмотрена защита щек, нижней челюсти, подбородка, можно даже сказать, фактически всего лица и головы. \r\n     Шлем может иметь красный, черный, синий цвет, предусмотренный правилами боевых единоборств (бокса, таиландского бокса).','белый',9990.00,'2021-03-18 17:10:21','2021-03-18 17:10:21'),(52,5,'Боксерский шлем Twins Special HGL-3',2,'XL','Twins HGL-3 — это полнозащитный боксерский шлем, \r\n     надежно защищающий лицо фактически от любых микротравм. Его применяют на тренировках, когда важно предельно \r\n     обезопасить боксера от разнообразных микротравм лица, челюстей, костей носа и т. п. \r\n     В его конструкции предусмотрена защита щек, нижней челюсти, подбородка, можно даже сказать, фактически всего лица и головы. \r\n     Шлем может иметь красный, черный, синий цвет, предусмотренный правилами боевых единоборств (бокса, таиландского бокса).','белый',9990.00,'2021-03-18 17:10:21','2021-03-18 17:10:21'),(53,6,'Боксерки GREEN HILL SPECIAL',1,'36','Боксерки GREEN HILL SPECIAL имеют легкую сбалансированную конструкцию. \r\n     Верх выполнен из сетчатого нейлона, обладающего высокой воздухопроницаемостью для отвода тепла. \r\n     Зона носка и края шнуровки, подверженные максимальным нагрузкам при активном движении, усилены вставками из нубука. \r\n     Боксерки имеют высокую голень и усиленную пятку для наилучшей фиксации ноги. \r\n     Внутренняя амортизирующая стелька и подошва из прочной резины с промежуточной стелькой из EVA позволяют боксеру \r\n     уверенно передвигаться по рингу','черный',3490.00,'2021-03-18 17:10:21','2021-03-18 17:10:21'),(54,6,'Боксерки GREEN HILL SPECIAL',1,'37','Боксерки GREEN HILL SPECIAL имеют легкую сбалансированную конструкцию. \r\n     Верх выполнен из сетчатого нейлона, обладающего высокой воздухопроницаемостью для отвода тепла. \r\n     Зона носка и края шнуровки, подверженные максимальным нагрузкам при активном движении, усилены вставками из нубука. \r\n     Боксерки имеют высокую голень и усиленную пятку для наилучшей фиксации ноги. \r\n     Внутренняя амортизирующая стелька и подошва из прочной резины с промежуточной стелькой из EVA позволяют боксеру \r\n     уверенно передвигаться по рингу','черный',3490.00,'2021-03-18 17:10:21','2021-03-18 17:10:21'),(55,6,'Боксерки GREEN HILL SPECIAL',1,'38','Боксерки GREEN HILL SPECIAL имеют легкую сбалансированную конструкцию. \r\n     Верх выполнен из сетчатого нейлона, обладающего высокой воздухопроницаемостью для отвода тепла. \r\n     Зона носка и края шнуровки, подверженные максимальным нагрузкам при активном движении, усилены вставками из нубука. \r\n     Боксерки имеют высокую голень и усиленную пятку для наилучшей фиксации ноги. \r\n     Внутренняя амортизирующая стелька и подошва из прочной резины с промежуточной стелькой из EVA позволяют боксеру \r\n     уверенно передвигаться по рингу','черный',3490.00,'2021-03-18 17:10:21','2021-03-18 17:10:21'),(56,6,'Боксерки GREEN HILL SPECIAL',1,'39','Боксерки GREEN HILL SPECIAL имеют легкую сбалансированную конструкцию. \r\n     Верх выполнен из сетчатого нейлона, обладающего высокой воздухопроницаемостью для отвода тепла. \r\n     Зона носка и края шнуровки, подверженные максимальным нагрузкам при активном движении, усилены вставками из нубука. \r\n     Боксерки имеют высокую голень и усиленную пятку для наилучшей фиксации ноги. \r\n     Внутренняя амортизирующая стелька и подошва из прочной резины с промежуточной стелькой из EVA позволяют боксеру \r\n     уверенно передвигаться по рингу','черный',3490.00,'2021-03-18 17:10:21','2021-03-18 17:10:21'),(57,6,'Боксерки GREEN HILL SPECIAL',1,'40','Боксерки GREEN HILL SPECIAL имеют легкую сбалансированную конструкцию. \r\n     Верх выполнен из сетчатого нейлона, обладающего высокой воздухопроницаемостью для отвода тепла. \r\n     Зона носка и края шнуровки, подверженные максимальным нагрузкам при активном движении, усилены вставками из нубука. \r\n     Боксерки имеют высокую голень и усиленную пятку для наилучшей фиксации ноги. \r\n     Внутренняя амортизирующая стелька и подошва из прочной резины с промежуточной стелькой из EVA позволяют боксеру \r\n     уверенно передвигаться по рингу','черный',3490.00,'2021-03-18 17:10:21','2021-03-18 17:10:21'),(58,6,'Боксерки GREEN HILL SPECIAL',1,'41','Боксерки GREEN HILL SPECIAL имеют легкую сбалансированную конструкцию. \r\n     Верх выполнен из сетчатого нейлона, обладающего высокой воздухопроницаемостью для отвода тепла. \r\n     Зона носка и края шнуровки, подверженные максимальным нагрузкам при активном движении, усилены вставками из нубука. \r\n     Боксерки имеют высокую голень и усиленную пятку для наилучшей фиксации ноги. \r\n     Внутренняя амортизирующая стелька и подошва из прочной резины с промежуточной стелькой из EVA позволяют боксеру \r\n     уверенно передвигаться по рингу','черный',3490.00,'2021-03-18 17:10:21','2021-03-18 17:10:21'),(59,6,'Боксерки GREEN HILL SPECIAL',1,'42','Боксерки GREEN HILL SPECIAL имеют легкую сбалансированную конструкцию. \r\n     Верх выполнен из сетчатого нейлона, обладающего высокой воздухопроницаемостью для отвода тепла. \r\n     Зона носка и края шнуровки, подверженные максимальным нагрузкам при активном движении, усилены вставками из нубука. \r\n     Боксерки имеют высокую голень и усиленную пятку для наилучшей фиксации ноги. \r\n     Внутренняя амортизирующая стелька и подошва из прочной резины с промежуточной стелькой из EVA позволяют боксеру \r\n     уверенно передвигаться по рингу','черный',3490.00,'2021-03-18 17:10:21','2021-03-18 17:10:21'),(60,6,'Боксерки GREEN HILL SPECIAL',1,'43','Боксерки GREEN HILL SPECIAL имеют легкую сбалансированную конструкцию. \r\n     Верх выполнен из сетчатого нейлона, обладающего высокой воздухопроницаемостью для отвода тепла. \r\n     Зона носка и края шнуровки, подверженные максимальным нагрузкам при активном движении, усилены вставками из нубука. \r\n     Боксерки имеют высокую голень и усиленную пятку для наилучшей фиксации ноги. \r\n     Внутренняя амортизирующая стелька и подошва из прочной резины с промежуточной стелькой из EVA позволяют боксеру \r\n     уверенно передвигаться по рингу','черный',3490.00,'2021-03-18 17:10:21','2021-03-18 17:10:21'),(61,6,'Боксерки GREEN HILL SPECIAL',1,'44','Боксерки GREEN HILL SPECIAL имеют легкую сбалансированную конструкцию. \r\n     Верх выполнен из сетчатого нейлона, обладающего высокой воздухопроницаемостью для отвода тепла. \r\n     Зона носка и края шнуровки, подверженные максимальным нагрузкам при активном движении, усилены вставками из нубука. \r\n     Боксерки имеют высокую голень и усиленную пятку для наилучшей фиксации ноги. \r\n     Внутренняя амортизирующая стелька и подошва из прочной резины с промежуточной стелькой из EVA позволяют боксеру \r\n     уверенно передвигаться по рингу','черный',3490.00,'2021-03-18 17:10:21','2021-03-18 17:10:21'),(62,6,'Боксерки GREEN HILL SPECIAL',1,'45','Боксерки GREEN HILL SPECIAL имеют легкую сбалансированную конструкцию. \r\n     Верх выполнен из сетчатого нейлона, обладающего высокой воздухопроницаемостью для отвода тепла. \r\n     Зона носка и края шнуровки, подверженные максимальным нагрузкам при активном движении, усилены вставками из нубука. \r\n     Боксерки имеют высокую голень и усиленную пятку для наилучшей фиксации ноги. \r\n     Внутренняя амортизирующая стелька и подошва из прочной резины с промежуточной стелькой из EVA позволяют боксеру \r\n     уверенно передвигаться по рингу','черный',3490.00,'2021-03-18 17:10:21','2021-03-18 17:10:21'),(63,6,'Боксерки GREEN HILL SPECIAL',1,'42','Боксерки GREEN HILL SPECIAL имеют легкую сбалансированную конструкцию. \r\n     Верх выполнен из сетчатого нейлона, обладающего высокой воздухопроницаемостью для отвода тепла. \r\n     Зона носка и края шнуровки, подверженные максимальным нагрузкам при активном движении, усилены вставками из нубука. \r\n     Боксерки имеют высокую голень и усиленную пятку для наилучшей фиксации ноги. \r\n     Внутренняя амортизирующая стелька и подошва из прочной резины с промежуточной стелькой из EVA позволяют боксеру \r\n     уверенно передвигаться по рингу','синий',3490.00,'2021-03-18 17:10:21','2021-03-18 17:10:21'),(64,6,'Боксерки Everlast Pro Elite High Top Black/White',3,'42','Возвращение легенды от EVERLAST и MICHLEN! \r\n     Боксёрки Pro Elite High Top – один из основных элементов новой коллекции EVERLAST ELITE, \r\n     от лучшего мирового производителя экипировке для бокса. Высокий дизайн и дополнительный ремень для фиксации лодыжки, \r\n     увеличивают поддержку во время резких изменений движения, остановок и ударов, во время которых \r\n     Вам потребуется максимальный контроль. Подошва Michelin специально разработана для этих боксёрок, \r\n     обладает отличной эластичностью, для свободы Ваших движений. Максимальное сцепление с поверхностью, \r\n     на любом покрытие где проходят занятия, благодаря инновационному дизайну протектора, предотвращающий скольжение и \r\n     оптимизирующий контакт в сторону движения, даже на мокром полу. Дополнительная фиксация пятки, для лучшего контроля, \r\n     при боковых движениях и остановках. Верх боксёрок выполнен из сетчатого материала и искусственной замши, \r\n     чтобы обеспечить максимальную фиксацию и стабильность, без компромиссов в скорости и удобства движения. \r\n     Обладают отличными дышащими свойствами и хорошо отводят влагу.','черный',8990.00,'2021-03-18 17:10:21','2021-03-18 17:10:21'),(65,6,'Боксерки Everlast Pro Elite High Top Black/White',3,'43','Возвращение легенды от EVERLAST и MICHLEN! \r\n     Боксёрки Pro Elite High Top – один из основных элементов новой коллекции EVERLAST ELITE, \r\n     от лучшего мирового производителя экипировке для бокса. Высокий дизайн и дополнительный ремень для фиксации лодыжки, \r\n     увеличивают поддержку во время резких изменений движения, остановок и ударов, во время которых \r\n     Вам потребуется максимальный контроль. Подошва Michelin специально разработана для этих боксёрок, \r\n     обладает отличной эластичностью, для свободы Ваших движений. Максимальное сцепление с поверхностью, \r\n     на любом покрытие где проходят занятия, благодаря инновационному дизайну протектора, предотвращающий скольжение и \r\n     оптимизирующий контакт в сторону движения, даже на мокром полу. Дополнительная фиксация пятки, для лучшего контроля, \r\n     при боковых движениях и остановках. Верх боксёрок выполнен из сетчатого материала и искусственной замши, \r\n     чтобы обеспечить максимальную фиксацию и стабильность, без компромиссов в скорости и удобства движения. \r\n     Обладают отличными дышащими свойствами и хорошо отводят влагу.','черный',8990.00,'2021-03-18 17:10:21','2021-03-18 17:10:21'),(66,6,'Боксерки Everlast Pro Elite High Top Black/White',3,'44','Возвращение легенды от EVERLAST и MICHLEN! \r\n     Боксёрки Pro Elite High Top – один из основных элементов новой коллекции EVERLAST ELITE, \r\n     от лучшего мирового производителя экипировке для бокса. Высокий дизайн и дополнительный ремень для фиксации лодыжки, \r\n     увеличивают поддержку во время резких изменений движения, остановок и ударов, во время которых \r\n     Вам потребуется максимальный контроль. Подошва Michelin специально разработана для этих боксёрок, \r\n     обладает отличной эластичностью, для свободы Ваших движений. Максимальное сцепление с поверхностью, \r\n     на любом покрытие где проходят занятия, благодаря инновационному дизайну протектора, предотвращающий скольжение и \r\n     оптимизирующий контакт в сторону движения, даже на мокром полу. Дополнительная фиксация пятки, для лучшего контроля, \r\n     при боковых движениях и остановках. Верх боксёрок выполнен из сетчатого материала и искусственной замши, \r\n     чтобы обеспечить максимальную фиксацию и стабильность, без компромиссов в скорости и удобства движения. \r\n     Обладают отличными дышащими свойствами и хорошо отводят влагу.','черный',8990.00,'2021-03-18 17:10:21','2021-03-18 17:10:21'),(67,6,'Боксерки Everlast Pro Elite High Top Black/White',3,'42','Возвращение легенды от EVERLAST и MICHLEN! \r\n     Боксёрки Pro Elite High Top – один из основных элементов новой коллекции EVERLAST ELITE, \r\n     от лучшего мирового производителя экипировке для бокса. Высокий дизайн и дополнительный ремень для фиксации лодыжки, \r\n     увеличивают поддержку во время резких изменений движения, остановок и ударов, во время которых \r\n     Вам потребуется максимальный контроль. Подошва Michelin специально разработана для этих боксёрок, \r\n     обладает отличной эластичностью, для свободы Ваших движений. Максимальное сцепление с поверхностью, \r\n     на любом покрытие где проходят занятия, благодаря инновационному дизайну протектора, предотвращающий скольжение и \r\n     оптимизирующий контакт в сторону движения, даже на мокром полу. Дополнительная фиксация пятки, для лучшего контроля, \r\n     при боковых движениях и остановках. Верх боксёрок выполнен из сетчатого материала и искусственной замши, \r\n     чтобы обеспечить максимальную фиксацию и стабильность, без компромиссов в скорости и удобства движения. \r\n     Обладают отличными дышащими свойствами и хорошо отводят влагу.','синий',8990.00,'2021-03-18 17:10:21','2021-03-18 17:10:21'),(68,6,'Боксерки Everlast Pro Elite High Top Black/White',3,'43','Возвращение легенды от EVERLAST и MICHLEN! \r\n     Боксёрки Pro Elite High Top – один из основных элементов новой коллекции EVERLAST ELITE, \r\n     от лучшего мирового производителя экипировке для бокса. Высокий дизайн и дополнительный ремень для фиксации лодыжки, \r\n     увеличивают поддержку во время резких изменений движения, остановок и ударов, во время которых \r\n     Вам потребуется максимальный контроль. Подошва Michelin специально разработана для этих боксёрок, \r\n     обладает отличной эластичностью, для свободы Ваших движений. Максимальное сцепление с поверхностью, \r\n     на любом покрытие где проходят занятия, благодаря инновационному дизайну протектора, предотвращающий скольжение и \r\n     оптимизирующий контакт в сторону движения, даже на мокром полу. Дополнительная фиксация пятки, для лучшего контроля, \r\n     при боковых движениях и остановках. Верх боксёрок выполнен из сетчатого материала и искусственной замши, \r\n     чтобы обеспечить максимальную фиксацию и стабильность, без компромиссов в скорости и удобства движения. \r\n     Обладают отличными дышащими свойствами и хорошо отводят влагу.','синий',8990.00,'2021-03-18 17:10:21','2021-03-18 17:10:21'),(69,6,'Боксерки Everlast Pro Elite High Top Black/White',3,'44','Возвращение легенды от EVERLAST и MICHLEN! \r\n     Боксёрки Pro Elite High Top – один из основных элементов новой коллекции EVERLAST ELITE, \r\n     от лучшего мирового производителя экипировке для бокса. Высокий дизайн и дополнительный ремень для фиксации лодыжки, \r\n     увеличивают поддержку во время резких изменений движения, остановок и ударов, во время которых \r\n     Вам потребуется максимальный контроль. Подошва Michelin специально разработана для этих боксёрок, \r\n     обладает отличной эластичностью, для свободы Ваших движений. Максимальное сцепление с поверхностью, \r\n     на любом покрытие где проходят занятия, благодаря инновационному дизайну протектора, предотвращающий скольжение и \r\n     оптимизирующий контакт в сторону движения, даже на мокром полу. Дополнительная фиксация пятки, для лучшего контроля, \r\n     при боковых движениях и остановках. Верх боксёрок выполнен из сетчатого материала и искусственной замши, \r\n     чтобы обеспечить максимальную фиксацию и стабильность, без компромиссов в скорости и удобства движения. \r\n     Обладают отличными дышащими свойствами и хорошо отводят влагу.','синий',8990.00,'2021-03-18 17:10:21','2021-03-18 17:10:21'),(70,7,'Защита паха профессиональная женская comfort',1,'L','Профессиональная женская защита.','белый',1165.00,'2021-03-18 17:10:21','2021-03-18 17:10:21'),(71,7,'Защита паха профессиональная женская comfort',1,'XL','Профессиональная женская защита.','белый',1165.00,'2021-03-18 17:10:21','2021-03-18 17:10:21'),(72,7,'Защита паха профессиональная женская comfort',1,'L','Профессиональная женская защита.','красный',1165.00,'2021-03-18 17:10:21','2021-03-18 17:10:21'),(73,7,'Защита паха профессиональная мужская comfort',1,'L','Профессиональная защита.','белый',1165.00,'2021-03-18 17:10:21','2021-03-18 17:10:21'),(74,7,'Защита паха профессиональная мужская comfort',1,'XL','Профессиональная защита.','белый',1165.00,'2021-03-18 17:10:21','2021-03-18 17:10:21'),(75,7,'Защита паха профессиональная мужская comfort',1,'L','Профессиональная защита.','красный',1165.00,'2021-03-18 17:10:21','2021-03-18 17:10:21'),(76,7,'Защита на голеностоп с фиксацией',1,'M','Профессиональная защита.','черный',1165.00,'2021-03-18 17:10:21','2021-03-18 17:10:21'),(77,7,'Защита на голеностоп с фиксацией',1,'L','Профессиональная защита.','черный',1165.00,'2021-03-18 17:10:21','2021-03-18 17:10:21'),(78,7,'Защита на голеностоп с фиксацией',1,'XL','Профессиональная защита.','черный',1165.00,'2021-03-18 17:10:21','2021-03-18 17:10:21'),(79,7,'Защита корпуса Everlast Coach s Vest',3,'','тренерский жилет для настоящих профессионалов.','черный',14000.00,'2021-03-18 17:10:21','2021-03-18 17:10:21'),(80,8,'Лапы боксерские “CREST”',1,'','Прямая лапа применяется для отработки прямых ударов.','',5500.00,'2021-03-18 17:10:21','2021-03-18 17:10:21'),(81,8,'Лапы боксерские Everlast Vinyl Evergel Mantis',3,'','Удобные и практичные лапы','',4490.00,'2021-03-18 17:10:21','2021-03-18 17:10:21'),(82,8,'Лапы боксерские Fairtex Cardio',4,'','Облегченная модель 2016 года. \r\n     Максимально удобны для комбинированной работы руками и ногами.','',13090.00,'2021-03-18 17:10:21','2021-03-18 17:10:21'),(83,8,'Лапы Venum Light Black/Black',5,'','Лапы Venum Light Black/Black (пара) идеально подходят для работы руками и локтями.','',5650.00,'2021-03-18 17:10:21','2021-03-18 17:10:21'),(84,8,'Лапы изогнутые Fairtex',4,'','Модель FMV9 сегодня является наиболее востребованной среди спортсменов \r\n     и тренеров во всем мире.','',12090.00,'2021-03-18 17:10:21','2021-03-18 17:10:21'),(85,9,'Мешок боксерский 110*30, двойная натуральная кожа, 45 кг',1,'','Двойная натуральная кожа высшего качества, \r\n      110 см высота, 30 см диаметр мешка, Цепи и кольцо для карабина входят в комплект , масса 45 кг , набивка \"резиновая крошка/ветошь\"','',15000.00,'2021-03-18 17:10:21','2021-03-18 17:10:21'),(86,9,'Мешок боксерский 100*30, двойная натуральная кожа, 35 кг',1,'','Двойная натуральная кожа высшего качества, \r\n      100 см высота, 30 см диаметр мешка, Цепи и кольцо для карабина входят в комплект , масса 35 кг , набивка \"резиновая крошка/ветошь\"','',15000.00,'2021-03-18 17:10:21','2021-03-18 17:10:21'),(87,9,'Мешок боксерский 80*30, двойная натуральная кожа, 25 кг',1,'','Двойная натуральная кожа высшего качества, \r\n      80 см высота, 30 см диаметр мешка, Цепи и кольцо для карабина входят в комплект , масса 25 кг , набивка \"резиновая крошка/ветошь\"','',13000.00,'2021-03-18 17:10:21','2021-03-18 17:10:21'),(88,9,'Мешок боксерский 70*30, двойная натуральная кожа, 22 кг',1,'','Двойная натуральная кожа высшего качества, \r\n      70 см высота, 30 см диаметр мешка, Цепи и кольцо для карабина входят в комплект , масса 22 кг , набивка \"резиновая крошка/ветошь\"','',15000.00,'2021-03-18 17:10:21','2021-03-18 17:10:21'),(89,9,'Боксерский мешок Green Hill retro, искусственная кожа, 60 кг',1,'','Двойная натуральная кожа высшего качества, \r\n      150 см высота, 35 см диаметр мешка, Цепи и кольцо для карабина входят в комплект , масса 60 кг , набивка \"резиновая крошка/ветошь\"','',11000.00,'2021-03-18 17:10:21','2021-03-18 17:10:21'),(90,9,'Боксерский мешок Green Hill retro, искусственная кожа, 75 кг',1,'','Двойная натуральная кожа высшего качества, \r\n     160 см высота, 35 см диаметр мешка, Цепи и кольцо для карабина входят в комплект , масса 75 кг , набивка \"резиновая крошка/ветошь\"','',12000.00,'2021-03-18 17:10:21','2021-03-18 17:10:21'),(91,9,'Платформа для скоростной груши Everlast Adjustable',3,'','Платформа для скоростной груши Everlast Adjustable Platform.','',10990.00,'2021-03-18 17:10:21','2021-03-18 17:10:21'),(92,9,'Груша пневматическая на растяжках Everlast, 18 см',3,'','Сферическая груша из высококачественной кожи, прошитая тройными стежками.','',5990.00,'2021-03-18 17:10:21','2021-03-18 17:10:21'),(93,9,'Груша пневматическая на растяжках Everlast PU Double End 2.0',3,'','Груша на растяжках. В комплект входит груша и растяжки пол-потолок. Искусственная кожа.','',5990.00,'2021-03-18 17:10:21','2021-03-18 17:10:21'),(94,9,'Крепление для пневмогруши Everlast',3,'','Лучшее качество, лучшая скорость','',2490.00,'2021-03-18 17:10:21','2021-03-18 17:10:21'),(95,9,'Груша скоростная Everlast Vintage 23x15',3,'','Боксерская груша Everlast Vintage - отличный вариант для тех, \r\n     кто только начинает работать с пневматическими грушами. Отлично сбалансирована и обладает хорошим рикошетом. \r\n     Сделана из высококачественной синтетической кожи, дизайн 1910 года.','коричневый',2190.00,'2021-03-18 17:10:21','2021-03-18 17:10:21'),(96,9,'Мешок Green Hill горизонтальный 100*30 см',1,'','Конструкция мешка позволяет использовать для ударов всю поверхность. \r\n     Благодаря горизонтальному положению позволяет отрабатывать такие удары как апперкоты, прямые, боковые, крюки, \r\n     и их различные комбинации, а так же удары коленями.','коричневый',3500.00,'2021-03-18 17:10:21','2021-03-18 17:10:21'),(97,9,'Мешок Green Hill горизонтальный 120*30 см',1,'','Конструкция мешка позволяет использовать для ударов всю поверхность. \r\n     Благодаря горизонтальному положению позволяет отрабатывать такие удары как апперкоты, прямые, боковые, крюки, \r\n     и их различные комбинации, а так же удары коленями.','коричневый',3800.00,'2021-03-18 17:10:21','2021-03-18 17:10:21'),(98,9,'Настенная подушка Twins Special',2,'','Может быть размещён на любой стене, в том числе в квартире','черный',3500.00,'2021-03-18 17:10:21','2021-03-18 17:10:21'),(99,9,'Боксерский мешок',4,'','Боксерский мешок \"Силуэт\" Размер: 120х40 Вес:45кг','черный',14500.00,'2021-03-18 17:10:21','2021-03-18 17:10:21'),(100,9,'Водоналивной манекен',4,'','Увеличенная поверхность тела манекена','черный',25000.00,'2021-03-18 17:10:21','2021-03-18 17:10:21'),(101,9,'Водоналивной манекен',4,'','Увеличенная поверхность тела манекена','красный',24000.00,'2021-03-18 17:10:21','2021-03-18 17:10:21'),(102,9,'Водоналивной манекен',4,'','Увеличенная поверхность тела манекена','коричневый',23000.00,'2021-03-18 17:10:21','2021-03-18 17:10:21'),(103,9,'Крепление Everlast для низа мешка',3,'','предназначено для стабилизации боксерского мешка','',3300.00,'2021-03-18 17:10:21','2021-03-18 17:10:21'),(104,9,'Мешок \"шар\" Fairtex, HB 11',4,'','Предназначен для отработки боковых ударов руками, крюков и апперкотов.','',34640.00,'2021-03-18 17:10:21','2021-03-18 17:10:21'),(105,9,'Мешок боксерский Fairtex 180*36, 55 кг',4,'','Боксерский тяжелый мешок, форма классическая.','черный',38500.00,'2021-03-18 17:10:21','2021-03-18 17:10:21'),(106,9,'Мешок боксерский Fairtex 180*36, 55 кг',4,'','Боксерский тяжелый мешок, форма классическая.','синий',38500.00,'2021-03-18 17:10:21','2021-03-18 17:10:21');
/*!40000 ALTER TABLE `products` ENABLE KEYS */;
UNLOCK TABLES;

--
-- Table structure for table `profiles`
--

DROP TABLE IF EXISTS `profiles`;
/*!40101 SET @saved_cs_client     = @@character_set_client */;
/*!50503 SET character_set_client = utf8mb4 */;
CREATE TABLE `profiles` (
  `customer_id` int unsigned NOT NULL AUTO_INCREMENT COMMENT 'Ссылка на пользователя',
  `birthday` date DEFAULT NULL COMMENT 'Дата рождения',
  `city` enum('Москва','Красногорск','Химки') DEFAULT NULL COMMENT 'Город проживания',
  `created_at` datetime DEFAULT CURRENT_TIMESTAMP COMMENT 'Время создания строки',
  `updated_at` datetime DEFAULT CURRENT_TIMESTAMP ON UPDATE CURRENT_TIMESTAMP COMMENT 'Время обновления строки',
  PRIMARY KEY (`customer_id`),
  CONSTRAINT `profiles_customer_id_fk` FOREIGN KEY (`customer_id`) REFERENCES `customers` (`id`) ON DELETE CASCADE
) ENGINE=InnoDB AUTO_INCREMENT=101 DEFAULT CHARSET=utf8mb4 COLLATE=utf8mb4_0900_ai_ci COMMENT='Профили';
/*!40101 SET character_set_client = @saved_cs_client */;

--
-- Dumping data for table `profiles`
--

LOCK TABLES `profiles` WRITE;
/*!40000 ALTER TABLE `profiles` DISABLE KEYS */;
INSERT INTO `profiles` VALUES (1,'1959-03-31','Москва','2016-01-03 00:00:00','2021-03-15 00:00:00'),(2,'1960-03-30','Москва','2016-01-06 00:00:00','2021-03-15 00:00:00'),(3,'1970-03-28','Москва','2016-01-10 00:00:00','2021-03-15 00:00:00'),(4,'1965-03-29','Москва','2016-01-15 00:00:00','2021-03-15 00:00:00'),(5,'1999-03-21','Москва','2016-01-21 00:00:00','2021-03-15 00:00:00'),(6,'1963-03-30','Москва','2016-01-28 00:00:00','2021-03-15 00:00:00'),(7,'1991-03-23','Москва','2016-02-05 00:00:00','2021-03-15 00:00:00'),(8,'1963-03-30','Москва','2016-02-14 00:00:00','2021-03-15 00:00:00'),(9,'1970-03-28','Красногорск','2016-02-24 00:00:00','2021-03-15 00:00:00'),(10,'2000-03-20','Красногорск','2016-03-06 00:00:00','2021-03-15 00:00:00'),(11,'1960-03-30','Красногорск','2016-03-18 00:00:00','2021-03-15 00:00:00'),(12,'1996-03-21','Красногорск','2016-03-20 00:00:00','2021-03-15 00:00:00'),(13,'1983-03-25','Красногорск','2016-03-23 00:00:00','2021-03-15 00:00:00'),(14,'1973-03-27','Красногорск','2016-03-27 00:00:00','2021-03-15 00:00:00'),(15,'1984-03-24','Красногорск','2016-04-01 00:00:00','2021-03-15 00:00:00'),(16,'1967-03-29','Красногорск','2016-04-07 00:00:00','2021-03-15 00:00:00'),(17,'1975-03-27','Москва','2016-04-14 00:00:00','2021-03-15 00:00:00'),(18,'1970-03-28','Москва','2016-04-22 00:00:00','2021-03-15 00:00:00'),(19,'1974-03-27','Москва','2016-05-01 00:00:00','2021-03-15 00:00:00'),(20,'2005-03-19','Москва','2016-05-11 00:00:00','2021-03-15 00:00:00'),(21,'1964-03-29','Москва','2016-05-22 00:00:00','2021-03-15 00:00:00'),(22,'1986-03-24','Москва','2016-06-03 00:00:00','2021-03-15 00:00:00'),(23,'1992-03-22','Москва','2016-06-16 00:00:00','2021-03-15 00:00:00'),(24,'2003-03-20','Москва','2016-06-30 00:00:00','2021-03-15 00:00:00'),(25,'2000-03-20','Москва','2016-07-02 00:00:00','2021-03-15 00:00:00'),(26,'1998-03-21','Москва','2016-07-05 00:00:00','2021-03-15 00:00:00'),(27,'1969-03-28','Москва','2016-07-09 00:00:00','2021-03-15 00:00:00'),(28,'1965-03-29','Москва','2016-07-14 00:00:00','2021-03-15 00:00:00'),(29,'1974-03-27','Москва','2016-07-20 00:00:00','2021-03-15 00:00:00'),(30,'1992-03-22','Химки','2016-07-27 00:00:00','2021-03-15 00:00:00'),(31,'2005-03-19','Химки','2016-08-04 00:00:00','2021-03-15 00:00:00'),(32,'1959-03-31','Химки','2016-08-13 00:00:00','2021-03-15 00:00:00'),(33,'1974-03-27','Химки','2016-08-23 00:00:00','2021-03-15 00:00:00'),(34,'1992-03-22','Химки','2016-09-03 00:00:00','2021-03-15 00:00:00'),(35,'1965-03-29','Химки','2016-09-15 00:00:00','2021-03-15 00:00:00'),(36,'1983-03-25','Химки','2016-09-28 00:00:00','2021-03-15 00:00:00'),(37,'1959-03-31','Химки','2016-10-12 00:00:00','2021-03-15 00:00:00'),(38,'1966-03-29','Химки','2016-10-27 00:00:00','2021-03-15 00:00:00'),(39,'1962-03-30','Химки','2016-11-12 00:00:00','2021-03-15 00:00:00'),(40,'1986-03-24','Химки','2016-11-29 00:00:00','2021-03-15 00:00:00'),(41,'1995-03-22','Химки','2016-12-17 00:00:00','2021-03-15 00:00:00'),(42,'2003-03-20','Москва','2017-01-05 00:00:00','2021-03-15 00:00:00'),(43,'1988-03-23','Москва','2017-01-25 00:00:00','2021-03-15 00:00:00'),(44,'1963-03-30','Москва','2017-02-15 00:00:00','2021-03-15 00:00:00'),(45,'1994-03-22','Москва','2017-03-09 00:00:00','2021-03-15 00:00:00'),(46,'1991-03-23','Москва','2017-04-01 00:00:00','2021-03-15 00:00:00'),(47,'1963-03-30','Москва','2017-04-25 00:00:00','2021-03-15 00:00:00'),(48,'1994-03-22','Москва','2017-05-20 00:00:00','2021-03-15 00:00:00'),(49,'1992-03-22','Москва','2017-06-15 00:00:00','2021-03-15 00:00:00'),(50,'2002-03-20','Москва','2017-07-12 00:00:00','2021-03-15 00:00:00'),(51,'1974-03-27','Москва','2017-08-09 00:00:00','2021-03-15 00:00:00'),(52,'1979-03-26','Москва','2017-09-07 00:00:00','2021-03-15 00:00:00'),(53,'1996-03-21','Москва','2017-10-07 00:00:00','2021-03-15 00:00:00'),(54,'1967-03-29','Москва','2017-11-07 00:00:00','2021-03-15 00:00:00'),(55,'1979-03-26','Москва','2017-12-09 00:00:00','2021-03-15 00:00:00'),(56,'2005-03-19','Москва','2018-01-11 00:00:00','2021-03-15 00:00:00'),(57,'1997-03-21','Москва','2018-02-14 00:00:00','2021-03-15 00:00:00'),(58,'2005-03-19','Москва','2018-03-21 00:00:00','2021-03-15 00:00:00'),(59,'2003-03-20','Москва','2018-04-26 00:00:00','2021-03-15 00:00:00'),(60,'1981-03-25','Москва','2018-06-02 00:00:00','2021-03-15 00:00:00'),(61,'1975-03-27','Москва','2018-07-10 00:00:00','2021-03-15 00:00:00'),(62,'2004-03-19','Москва','2018-08-18 00:00:00','2021-03-15 00:00:00'),(63,'1970-03-28','Москва','2018-09-27 00:00:00','2021-03-15 00:00:00'),(64,'1961-03-30','Москва','2018-11-07 00:00:00','2021-03-15 00:00:00'),(65,'1979-03-26','Москва','2018-12-19 00:00:00','2021-03-15 00:00:00'),(66,'1964-03-29','Москва','2019-01-31 00:00:00','2021-03-15 00:00:00'),(67,'1969-03-28','Москва','2019-02-02 00:00:00','2021-03-15 00:00:00'),(68,'2004-03-19','Москва','2019-02-05 00:00:00','2021-03-15 00:00:00'),(69,'1990-03-23','Москва','2019-02-09 00:00:00','2021-03-15 00:00:00'),(70,'1975-03-27','Москва','2019-02-14 00:00:00','2021-03-15 00:00:00'),(71,'1991-03-23','Москва','2019-02-20 00:00:00','2021-03-15 00:00:00'),(72,'2001-03-20','Москва','2019-02-27 00:00:00','2021-03-15 00:00:00'),(73,'1987-03-24','Москва','2019-03-07 00:00:00','2021-03-15 00:00:00'),(74,'1967-03-29','Москва','2019-03-16 00:00:00','2021-03-15 00:00:00'),(75,'1965-03-29','Москва','2019-03-26 00:00:00','2021-03-15 00:00:00'),(76,'1975-03-27','Москва','2019-04-06 00:00:00','2021-03-15 00:00:00'),(77,'1999-03-21','Москва','2019-04-18 00:00:00','2021-03-15 00:00:00'),(78,'2006-03-19','Москва','2019-05-01 00:00:00','2021-03-15 00:00:00'),(79,'1966-03-29','Химки','2019-05-15 00:00:00','2021-03-15 00:00:00'),(80,'1992-03-22','Химки','2019-05-30 00:00:00','2021-03-15 00:00:00'),(81,'1993-03-22','Химки','2019-06-15 00:00:00','2021-03-15 00:00:00'),(82,'1986-03-24','Химки','2019-07-02 00:00:00','2021-03-15 00:00:00'),(83,'1998-03-21','Химки','2019-07-20 00:00:00','2021-03-15 00:00:00'),(84,'1996-03-21','Химки','2019-08-08 00:00:00','2021-03-15 00:00:00'),(85,'2004-03-19','Химки','2019-08-28 00:00:00','2021-03-15 00:00:00'),(86,'1959-03-31','Химки','2019-09-18 00:00:00','2021-03-15 00:00:00'),(87,'1982-03-25','Химки','2019-10-10 00:00:00','2021-03-15 00:00:00'),(88,'1998-03-21','Химки','2019-11-02 00:00:00','2021-03-15 00:00:00'),(89,'1984-03-24','Химки','2019-11-26 00:00:00','2021-03-15 00:00:00'),(90,'1990-03-23','Химки','2019-12-21 00:00:00','2021-03-15 00:00:00'),(91,'1990-03-23','Химки','2020-01-16 00:00:00','2021-03-15 00:00:00'),(92,'1990-03-23','Химки','2020-02-12 00:00:00','2021-03-15 00:00:00'),(93,'1978-03-26','Красногорск','2020-03-11 00:00:00','2021-03-15 00:00:00'),(94,'1976-03-26','Красногорск','2020-04-09 00:00:00','2021-03-15 00:00:00'),(95,'1982-03-25','Красногорск','2020-05-09 00:00:00','2021-03-15 00:00:00'),(96,'1964-03-29','Красногорск','2020-06-09 00:00:00','2021-03-15 00:00:00'),(97,'1981-03-25','Москва','2020-07-11 00:00:00','2021-03-15 00:00:00'),(98,'1995-03-22','Москва','2020-08-13 00:00:00','2021-03-15 00:00:00'),(99,'1978-03-26','Москва','2020-09-16 00:00:00','2021-03-15 00:00:00'),(100,'2005-03-19','Москва','2020-10-21 00:00:00','2021-03-15 00:00:00');
/*!40000 ALTER TABLE `profiles` ENABLE KEYS */;
UNLOCK TABLES;

--
-- Table structure for table `stock_products`
--

DROP TABLE IF EXISTS `stock_products`;
/*!40101 SET @saved_cs_client     = @@character_set_client */;
/*!50503 SET character_set_client = utf8mb4 */;
CREATE TABLE `stock_products` (
  `id` int unsigned NOT NULL AUTO_INCREMENT,
  `product_id` int unsigned DEFAULT NULL,
  `value` int unsigned DEFAULT NULL COMMENT 'Запас товарной позиции на складе',
  `storehous_id` int unsigned DEFAULT NULL,
  `created_at` datetime DEFAULT CURRENT_TIMESTAMP,
  `updated_at` datetime DEFAULT CURRENT_TIMESTAMP ON UPDATE CURRENT_TIMESTAMP,
  PRIMARY KEY (`id`),
  KEY `stock_products_product_id_fk` (`product_id`),
  KEY `stock_products_storehous_id_fk` (`storehous_id`),
  CONSTRAINT `stock_products_product_id_fk` FOREIGN KEY (`product_id`) REFERENCES `products` (`id`) ON DELETE CASCADE,
  CONSTRAINT `stock_products_storehous_id_fk` FOREIGN KEY (`storehous_id`) REFERENCES `storehouses` (`id`) ON DELETE CASCADE
) ENGINE=InnoDB AUTO_INCREMENT=316 DEFAULT CHARSET=utf8mb4 COLLATE=utf8mb4_0900_ai_ci COMMENT='Запасы на складе';
/*!40101 SET character_set_client = @saved_cs_client */;

--
-- Dumping data for table `stock_products`
--

LOCK TABLES `stock_products` WRITE;
/*!40000 ALTER TABLE `stock_products` DISABLE KEYS */;
INSERT INTO `stock_products` VALUES (1,1,15,1,'2016-01-01 00:00:00','2015-03-20 21:00:00'),(2,2,43,1,'2016-01-01 00:00:00','2015-03-20 21:00:00'),(3,3,47,1,'2016-01-01 00:00:00','2015-03-20 21:00:00'),(4,4,12,1,'2016-01-01 00:00:00','2015-03-20 21:00:00'),(5,5,0,1,'2016-01-01 00:00:00','2015-03-20 21:00:00'),(6,6,31,1,'2016-01-01 00:00:00','2015-03-20 21:00:00'),(7,7,37,1,'2016-01-01 00:00:00','2015-03-20 21:00:00'),(8,8,20,1,'2016-01-01 00:00:00','2015-03-20 21:00:00'),(9,9,1,1,'2016-01-01 00:00:00','2015-03-20 21:00:00'),(10,10,2,1,'2016-01-01 00:00:00','2015-03-20 21:00:00'),(11,11,13,1,'2016-01-01 00:00:00','2015-03-20 21:00:00'),(12,12,49,1,'2016-01-01 00:00:00','2015-03-20 21:00:00'),(13,13,50,1,'2016-01-01 00:00:00','2015-03-20 21:00:00'),(14,14,14,1,'2016-01-01 00:00:00','2015-03-20 21:00:00'),(15,15,37,1,'2016-01-01 00:00:00','2015-03-20 21:00:00'),(16,16,3,1,'2016-01-01 00:00:00','2015-03-20 21:00:00'),(17,17,17,1,'2016-01-01 00:00:00','2015-03-20 21:00:00'),(18,18,44,1,'2016-01-01 00:00:00','2015-03-20 21:00:00'),(19,19,26,1,'2016-01-01 00:00:00','2015-03-20 21:00:00'),(20,20,13,1,'2016-01-01 00:00:00','2015-03-20 21:00:00'),(21,21,17,1,'2016-01-01 00:00:00','2015-03-20 21:00:00'),(22,22,8,1,'2016-01-01 00:00:00','2015-03-20 21:00:00'),(23,23,7,1,'2016-01-01 00:00:00','2015-03-20 21:00:00'),(24,24,12,1,'2016-01-01 00:00:00','2015-03-20 21:00:00'),(25,25,19,1,'2016-01-01 00:00:00','2015-03-20 21:00:00'),(26,26,48,1,'2016-01-01 00:00:00','2015-03-20 21:00:00'),(27,27,41,1,'2016-01-01 00:00:00','2015-03-20 21:00:00'),(28,28,47,1,'2016-01-01 00:00:00','2015-03-20 21:00:00'),(29,29,23,1,'2016-01-01 00:00:00','2015-03-20 21:00:00'),(30,30,4,1,'2016-01-01 00:00:00','2015-03-20 21:00:00'),(31,31,28,1,'2016-01-01 00:00:00','2015-03-20 21:00:00'),(32,32,32,1,'2016-01-01 00:00:00','2015-03-20 21:00:00'),(33,33,37,1,'2016-01-01 00:00:00','2015-03-20 21:00:00'),(34,34,7,1,'2016-01-01 00:00:00','2015-03-20 21:00:00'),(35,35,48,1,'2016-01-01 00:00:00','2015-03-20 21:00:00'),(36,36,21,1,'2016-01-01 00:00:00','2015-03-20 21:00:00'),(37,37,31,1,'2016-01-01 00:00:00','2015-03-20 21:00:00'),(38,38,25,1,'2016-01-01 00:00:00','2015-03-20 21:00:00'),(39,39,19,1,'2016-01-01 00:00:00','2015-03-20 21:00:00'),(40,40,9,1,'2016-01-01 00:00:00','2015-03-20 21:00:00'),(41,41,18,1,'2016-01-01 00:00:00','2015-03-20 21:00:00'),(42,42,27,1,'2016-01-01 00:00:00','2015-03-20 21:00:00'),(43,43,22,1,'2016-01-01 00:00:00','2015-03-20 21:00:00'),(44,44,6,1,'2016-01-01 00:00:00','2015-03-20 21:00:00'),(45,45,33,1,'2016-01-01 00:00:00','2015-03-20 21:00:00'),(46,46,21,1,'2016-01-01 00:00:00','2015-03-20 21:00:00'),(47,47,27,1,'2016-01-01 00:00:00','2015-03-20 21:00:00'),(48,48,33,1,'2016-01-01 00:00:00','2015-03-20 21:00:00'),(49,49,30,1,'2016-01-01 00:00:00','2015-03-20 21:00:00'),(50,50,9,1,'2016-01-01 00:00:00','2015-03-20 21:00:00'),(51,51,42,1,'2016-01-01 00:00:00','2015-03-20 21:00:00'),(52,52,33,1,'2016-01-01 00:00:00','2015-03-20 21:00:00'),(53,53,42,1,'2016-01-01 00:00:00','2015-03-20 21:00:00'),(54,54,50,1,'2016-01-01 00:00:00','2015-03-20 21:00:00'),(55,55,15,1,'2016-01-01 00:00:00','2015-03-20 21:00:00'),(56,56,48,1,'2016-01-01 00:00:00','2015-03-20 21:00:00'),(57,57,18,1,'2016-01-01 00:00:00','2015-03-20 21:00:00'),(58,58,20,1,'2016-01-01 00:00:00','2015-03-20 21:00:00'),(59,59,9,1,'2016-01-01 00:00:00','2015-03-20 21:00:00'),(60,60,33,1,'2016-01-01 00:00:00','2015-03-20 21:00:00'),(61,61,12,1,'2016-01-01 00:00:00','2015-03-20 21:00:00'),(62,62,44,1,'2016-01-01 00:00:00','2015-03-20 21:00:00'),(63,63,2,1,'2016-01-01 00:00:00','2015-03-20 21:00:00'),(64,64,14,1,'2016-01-01 00:00:00','2015-03-20 21:00:00'),(65,65,30,1,'2016-01-01 00:00:00','2015-03-20 21:00:00'),(66,66,2,1,'2016-01-01 00:00:00','2015-03-20 21:00:00'),(67,67,37,1,'2016-01-01 00:00:00','2015-03-20 21:00:00'),(68,68,45,1,'2016-01-01 00:00:00','2015-03-20 21:00:00'),(69,69,30,1,'2016-01-01 00:00:00','2015-03-20 21:00:00'),(70,70,37,1,'2016-01-01 00:00:00','2015-03-20 21:00:00'),(71,71,43,1,'2016-01-01 00:00:00','2015-03-20 21:00:00'),(72,72,9,1,'2016-01-01 00:00:00','2015-03-20 21:00:00'),(73,73,48,1,'2016-01-01 00:00:00','2015-03-20 21:00:00'),(74,74,3,1,'2016-01-01 00:00:00','2015-03-20 21:00:00'),(75,75,1,1,'2016-01-01 00:00:00','2015-03-20 21:00:00'),(76,76,0,1,'2016-01-01 00:00:00','2015-03-20 21:00:00'),(77,77,28,1,'2016-01-01 00:00:00','2015-03-20 21:00:00'),(78,78,19,1,'2016-01-01 00:00:00','2015-03-20 21:00:00'),(79,79,23,1,'2016-01-01 00:00:00','2015-03-20 21:00:00'),(80,80,43,1,'2016-01-01 00:00:00','2015-03-20 21:00:00'),(81,81,5,1,'2016-01-01 00:00:00','2015-03-20 21:00:00'),(82,82,2,1,'2016-01-01 00:00:00','2015-03-20 21:00:00'),(83,83,5,1,'2016-01-01 00:00:00','2015-03-20 21:00:00'),(84,84,35,1,'2016-01-01 00:00:00','2015-03-20 21:00:00'),(85,85,34,1,'2016-01-01 00:00:00','2015-03-20 21:00:00'),(86,86,19,1,'2016-01-01 00:00:00','2015-03-20 21:00:00'),(87,87,49,1,'2016-01-01 00:00:00','2015-03-20 21:00:00'),(88,88,26,1,'2016-01-01 00:00:00','2015-03-20 21:00:00'),(89,89,9,1,'2016-01-01 00:00:00','2015-03-20 21:00:00'),(90,90,46,1,'2016-01-01 00:00:00','2015-03-20 21:00:00'),(91,91,1,1,'2016-01-01 00:00:00','2015-03-20 21:00:00'),(92,92,48,1,'2016-01-01 00:00:00','2015-03-20 21:00:00'),(93,93,48,1,'2016-01-01 00:00:00','2015-03-20 21:00:00'),(94,94,31,1,'2016-01-01 00:00:00','2015-03-20 21:00:00'),(95,95,35,1,'2016-01-01 00:00:00','2015-03-20 21:00:00'),(96,96,4,1,'2016-01-01 00:00:00','2015-03-20 21:00:00'),(97,97,5,1,'2016-01-01 00:00:00','2015-03-20 21:00:00'),(98,98,33,1,'2016-01-01 00:00:00','2015-03-20 21:00:00'),(99,99,31,1,'2016-01-01 00:00:00','2015-03-20 21:00:00'),(100,100,35,1,'2016-01-01 00:00:00','2015-03-20 21:00:00'),(101,101,41,1,'2016-01-01 00:00:00','2015-03-20 21:00:00'),(102,102,38,1,'2016-01-01 00:00:00','2015-03-20 21:00:00'),(103,103,39,1,'2016-01-01 00:00:00','2015-03-20 21:00:00'),(104,104,45,1,'2016-01-01 00:00:00','2015-03-20 21:00:00'),(105,105,11,1,'2016-01-01 00:00:00','2015-03-20 21:00:00'),(106,1,31,2,'2016-01-01 00:00:00','2015-03-20 21:00:00'),(107,2,1,2,'2016-01-01 00:00:00','2015-03-20 21:00:00'),(108,3,39,2,'2016-01-01 00:00:00','2015-03-20 21:00:00'),(109,4,47,2,'2016-01-01 00:00:00','2015-03-20 21:00:00'),(110,5,23,2,'2016-01-01 00:00:00','2015-03-20 21:00:00'),(111,6,9,2,'2016-01-01 00:00:00','2015-03-20 21:00:00'),(112,7,19,2,'2016-01-01 00:00:00','2015-03-20 21:00:00'),(113,8,48,2,'2016-01-01 00:00:00','2015-03-20 21:00:00'),(114,9,47,2,'2016-01-01 00:00:00','2015-03-20 21:00:00'),(115,10,25,2,'2016-01-01 00:00:00','2015-03-20 21:00:00'),(116,11,19,2,'2016-01-01 00:00:00','2015-03-20 21:00:00'),(117,12,49,2,'2016-01-01 00:00:00','2015-03-20 21:00:00'),(118,13,32,2,'2016-01-01 00:00:00','2015-03-20 21:00:00'),(119,14,38,2,'2016-01-01 00:00:00','2015-03-20 21:00:00'),(120,15,48,2,'2016-01-01 00:00:00','2015-03-20 21:00:00'),(121,16,19,2,'2016-01-01 00:00:00','2015-03-20 21:00:00'),(122,17,23,2,'2016-01-01 00:00:00','2015-03-20 21:00:00'),(123,18,50,2,'2016-01-01 00:00:00','2015-03-20 21:00:00'),(124,19,11,2,'2016-01-01 00:00:00','2015-03-20 21:00:00'),(125,20,18,2,'2016-01-01 00:00:00','2015-03-20 21:00:00'),(126,21,14,2,'2016-01-01 00:00:00','2015-03-20 21:00:00'),(127,22,25,2,'2016-01-01 00:00:00','2015-03-20 21:00:00'),(128,23,24,2,'2016-01-01 00:00:00','2015-03-20 21:00:00'),(129,24,50,2,'2016-01-01 00:00:00','2015-03-20 21:00:00'),(130,25,16,2,'2016-01-01 00:00:00','2015-03-20 21:00:00'),(131,26,29,2,'2016-01-01 00:00:00','2015-03-20 21:00:00'),(132,27,25,2,'2016-01-01 00:00:00','2015-03-20 21:00:00'),(133,28,7,2,'2016-01-01 00:00:00','2015-03-20 21:00:00'),(134,29,14,2,'2016-01-01 00:00:00','2015-03-20 21:00:00'),(135,30,16,2,'2016-01-01 00:00:00','2015-03-20 21:00:00'),(136,31,31,2,'2016-01-01 00:00:00','2015-03-20 21:00:00'),(137,32,35,2,'2016-01-01 00:00:00','2015-03-20 21:00:00'),(138,33,7,2,'2016-01-01 00:00:00','2015-03-20 21:00:00'),(139,34,50,2,'2016-01-01 00:00:00','2015-03-20 21:00:00'),(140,35,48,2,'2016-01-01 00:00:00','2015-03-20 21:00:00'),(141,36,8,2,'2016-01-01 00:00:00','2015-03-20 21:00:00'),(142,37,38,2,'2016-01-01 00:00:00','2015-03-20 21:00:00'),(143,38,20,2,'2016-01-01 00:00:00','2015-03-20 21:00:00'),(144,39,18,2,'2016-01-01 00:00:00','2015-03-20 21:00:00'),(145,40,15,2,'2016-01-01 00:00:00','2015-03-20 21:00:00'),(146,41,42,2,'2016-01-01 00:00:00','2015-03-20 21:00:00'),(147,42,36,2,'2016-01-01 00:00:00','2015-03-20 21:00:00'),(148,43,2,2,'2016-01-01 00:00:00','2015-03-20 21:00:00'),(149,44,1,2,'2016-01-01 00:00:00','2015-03-20 21:00:00'),(150,45,45,2,'2016-01-01 00:00:00','2015-03-20 21:00:00'),(151,46,34,2,'2016-01-01 00:00:00','2015-03-20 21:00:00'),(152,47,25,2,'2016-01-01 00:00:00','2015-03-20 21:00:00'),(153,48,49,2,'2016-01-01 00:00:00','2015-03-20 21:00:00'),(154,49,37,2,'2016-01-01 00:00:00','2015-03-20 21:00:00'),(155,50,38,2,'2016-01-01 00:00:00','2015-03-20 21:00:00'),(156,51,28,2,'2016-01-01 00:00:00','2015-03-20 21:00:00'),(157,52,20,2,'2016-01-01 00:00:00','2015-03-20 21:00:00'),(158,53,13,2,'2016-01-01 00:00:00','2015-03-20 21:00:00'),(159,54,17,2,'2016-01-01 00:00:00','2015-03-20 21:00:00'),(160,55,28,2,'2016-01-01 00:00:00','2015-03-20 21:00:00'),(161,56,13,2,'2016-01-01 00:00:00','2015-03-20 21:00:00'),(162,57,11,2,'2016-01-01 00:00:00','2015-03-20 21:00:00'),(163,58,5,2,'2016-01-01 00:00:00','2015-03-20 21:00:00'),(164,59,31,2,'2016-01-01 00:00:00','2015-03-20 21:00:00'),(165,60,22,2,'2016-01-01 00:00:00','2015-03-20 21:00:00'),(166,61,34,2,'2016-01-01 00:00:00','2015-03-20 21:00:00'),(167,62,5,2,'2016-01-01 00:00:00','2015-03-20 21:00:00'),(168,63,12,2,'2016-01-01 00:00:00','2015-03-20 21:00:00'),(169,64,0,2,'2016-01-01 00:00:00','2015-03-20 21:00:00'),(170,65,34,2,'2016-01-01 00:00:00','2015-03-20 21:00:00'),(171,66,26,2,'2016-01-01 00:00:00','2015-03-20 21:00:00'),(172,67,6,2,'2016-01-01 00:00:00','2015-03-20 21:00:00'),(173,68,48,2,'2016-01-01 00:00:00','2015-03-20 21:00:00'),(174,69,1,2,'2016-01-01 00:00:00','2015-03-20 21:00:00'),(175,70,31,2,'2016-01-01 00:00:00','2015-03-20 21:00:00'),(176,71,45,2,'2016-01-01 00:00:00','2015-03-20 21:00:00'),(177,72,29,2,'2016-01-01 00:00:00','2015-03-20 21:00:00'),(178,73,34,2,'2016-01-01 00:00:00','2015-03-20 21:00:00'),(179,74,45,2,'2016-01-01 00:00:00','2015-03-20 21:00:00'),(180,75,38,2,'2016-01-01 00:00:00','2015-03-20 21:00:00'),(181,76,35,2,'2016-01-01 00:00:00','2015-03-20 21:00:00'),(182,77,37,2,'2016-01-01 00:00:00','2015-03-20 21:00:00'),(183,78,22,2,'2016-01-01 00:00:00','2015-03-20 21:00:00'),(184,79,0,2,'2016-01-01 00:00:00','2015-03-20 21:00:00'),(185,80,29,2,'2016-01-01 00:00:00','2015-03-20 21:00:00'),(186,81,22,2,'2016-01-01 00:00:00','2015-03-20 21:00:00'),(187,82,0,2,'2016-01-01 00:00:00','2015-03-20 21:00:00'),(188,83,46,2,'2016-01-01 00:00:00','2015-03-20 21:00:00'),(189,84,21,2,'2016-01-01 00:00:00','2015-03-20 21:00:00'),(190,85,21,2,'2016-01-01 00:00:00','2015-03-20 21:00:00'),(191,86,13,2,'2016-01-01 00:00:00','2015-03-20 21:00:00'),(192,87,16,2,'2016-01-01 00:00:00','2015-03-20 21:00:00'),(193,88,23,2,'2016-01-01 00:00:00','2015-03-20 21:00:00'),(194,89,43,2,'2016-01-01 00:00:00','2015-03-20 21:00:00'),(195,90,1,2,'2016-01-01 00:00:00','2015-03-20 21:00:00'),(196,91,27,2,'2016-01-01 00:00:00','2015-03-20 21:00:00'),(197,92,22,2,'2016-01-01 00:00:00','2015-03-20 21:00:00'),(198,93,33,2,'2016-01-01 00:00:00','2015-03-20 21:00:00'),(199,94,13,2,'2016-01-01 00:00:00','2015-03-20 21:00:00'),(200,95,9,2,'2016-01-01 00:00:00','2015-03-20 21:00:00'),(201,96,1,2,'2016-01-01 00:00:00','2015-03-20 21:00:00'),(202,97,44,2,'2016-01-01 00:00:00','2015-03-20 21:00:00'),(203,98,16,2,'2016-01-01 00:00:00','2015-03-20 21:00:00'),(204,99,0,2,'2016-01-01 00:00:00','2015-03-20 21:00:00'),(205,100,47,2,'2016-01-01 00:00:00','2015-03-20 21:00:00'),(206,101,29,2,'2016-01-01 00:00:00','2015-03-20 21:00:00'),(207,102,50,2,'2016-01-01 00:00:00','2015-03-20 21:00:00'),(208,103,25,2,'2016-01-01 00:00:00','2015-03-20 21:00:00'),(209,104,2,2,'2016-01-01 00:00:00','2015-03-20 21:00:00'),(210,105,39,2,'2016-01-01 00:00:00','2015-03-20 21:00:00'),(211,1,39,3,'2016-01-01 00:00:00','2015-03-20 21:00:00'),(212,2,15,3,'2016-01-01 00:00:00','2015-03-20 21:00:00'),(213,3,27,3,'2016-01-01 00:00:00','2015-03-20 21:00:00'),(214,4,25,3,'2016-01-01 00:00:00','2015-03-20 21:00:00'),(215,5,45,3,'2016-01-01 00:00:00','2015-03-20 21:00:00'),(216,6,36,3,'2016-01-01 00:00:00','2015-03-20 21:00:00'),(217,7,45,3,'2016-01-01 00:00:00','2015-03-20 21:00:00'),(218,8,1,3,'2016-01-01 00:00:00','2015-03-20 21:00:00'),(219,9,1,3,'2016-01-01 00:00:00','2015-03-20 21:00:00'),(220,10,20,3,'2016-01-01 00:00:00','2015-03-20 21:00:00'),(221,11,4,3,'2016-01-01 00:00:00','2015-03-20 21:00:00'),(222,12,5,3,'2016-01-01 00:00:00','2015-03-20 21:00:00'),(223,13,26,3,'2016-01-01 00:00:00','2015-03-20 21:00:00'),(224,14,17,3,'2016-01-01 00:00:00','2015-03-20 21:00:00'),(225,15,45,3,'2016-01-01 00:00:00','2015-03-20 21:00:00'),(226,16,16,3,'2016-01-01 00:00:00','2015-03-20 21:00:00'),(227,17,33,3,'2016-01-01 00:00:00','2015-03-20 21:00:00'),(228,18,12,3,'2016-01-01 00:00:00','2015-03-20 21:00:00'),(229,19,38,3,'2016-01-01 00:00:00','2015-03-20 21:00:00'),(230,20,41,3,'2016-01-01 00:00:00','2015-03-20 21:00:00'),(231,21,8,3,'2016-01-01 00:00:00','2015-03-20 21:00:00'),(232,22,27,3,'2016-01-01 00:00:00','2015-03-20 21:00:00'),(233,23,28,3,'2016-01-01 00:00:00','2015-03-20 21:00:00'),(234,24,41,3,'2016-01-01 00:00:00','2015-03-20 21:00:00'),(235,25,41,3,'2016-01-01 00:00:00','2015-03-20 21:00:00'),(236,26,30,3,'2016-01-01 00:00:00','2015-03-20 21:00:00'),(237,27,35,3,'2016-01-01 00:00:00','2015-03-20 21:00:00'),(238,28,25,3,'2016-01-01 00:00:00','2015-03-20 21:00:00'),(239,29,13,3,'2016-01-01 00:00:00','2015-03-20 21:00:00'),(240,30,39,3,'2016-01-01 00:00:00','2015-03-20 21:00:00'),(241,31,34,3,'2016-01-01 00:00:00','2015-03-20 21:00:00'),(242,32,13,3,'2016-01-01 00:00:00','2015-03-20 21:00:00'),(243,33,8,3,'2016-01-01 00:00:00','2015-03-20 21:00:00'),(244,34,39,3,'2016-01-01 00:00:00','2015-03-20 21:00:00'),(245,35,44,3,'2016-01-01 00:00:00','2015-03-20 21:00:00'),(246,36,45,3,'2016-01-01 00:00:00','2015-03-20 21:00:00'),(247,37,16,3,'2016-01-01 00:00:00','2015-03-20 21:00:00'),(248,38,26,3,'2016-01-01 00:00:00','2015-03-20 21:00:00'),(249,39,6,3,'2016-01-01 00:00:00','2015-03-20 21:00:00'),(250,40,37,3,'2016-01-01 00:00:00','2015-03-20 21:00:00'),(251,41,13,3,'2016-01-01 00:00:00','2015-03-20 21:00:00'),(252,42,41,3,'2016-01-01 00:00:00','2015-03-20 21:00:00'),(253,43,45,3,'2016-01-01 00:00:00','2015-03-20 21:00:00'),(254,44,0,3,'2016-01-01 00:00:00','2015-03-20 21:00:00'),(255,45,8,3,'2016-01-01 00:00:00','2015-03-20 21:00:00'),(256,46,49,3,'2016-01-01 00:00:00','2015-03-20 21:00:00'),(257,47,4,3,'2016-01-01 00:00:00','2015-03-20 21:00:00'),(258,48,47,3,'2016-01-01 00:00:00','2015-03-20 21:00:00'),(259,49,43,3,'2016-01-01 00:00:00','2015-03-20 21:00:00'),(260,50,48,3,'2016-01-01 00:00:00','2015-03-20 21:00:00'),(261,51,22,3,'2016-01-01 00:00:00','2015-03-20 21:00:00'),(262,52,48,3,'2016-01-01 00:00:00','2015-03-20 21:00:00'),(263,53,41,3,'2016-01-01 00:00:00','2015-03-20 21:00:00'),(264,54,47,3,'2016-01-01 00:00:00','2015-03-20 21:00:00'),(265,55,23,3,'2016-01-01 00:00:00','2015-03-20 21:00:00'),(266,56,22,3,'2016-01-01 00:00:00','2015-03-20 21:00:00'),(267,57,23,3,'2016-01-01 00:00:00','2015-03-20 21:00:00'),(268,58,37,3,'2016-01-01 00:00:00','2015-03-20 21:00:00'),(269,59,8,3,'2016-01-01 00:00:00','2015-03-20 21:00:00'),(270,60,43,3,'2016-01-01 00:00:00','2015-03-20 21:00:00'),(271,61,3,3,'2016-01-01 00:00:00','2015-03-20 21:00:00'),(272,62,36,3,'2016-01-01 00:00:00','2015-03-20 21:00:00'),(273,63,29,3,'2016-01-01 00:00:00','2015-03-20 21:00:00'),(274,64,31,3,'2016-01-01 00:00:00','2015-03-20 21:00:00'),(275,65,25,3,'2016-01-01 00:00:00','2015-03-20 21:00:00'),(276,66,37,3,'2016-01-01 00:00:00','2015-03-20 21:00:00'),(277,67,14,3,'2016-01-01 00:00:00','2015-03-20 21:00:00'),(278,68,47,3,'2016-01-01 00:00:00','2015-03-20 21:00:00'),(279,69,1,3,'2016-01-01 00:00:00','2015-03-20 21:00:00'),(280,70,17,3,'2016-01-01 00:00:00','2015-03-20 21:00:00'),(281,71,4,3,'2016-01-01 00:00:00','2015-03-20 21:00:00'),(282,72,45,3,'2016-01-01 00:00:00','2015-03-20 21:00:00'),(283,73,1,3,'2016-01-01 00:00:00','2015-03-20 21:00:00'),(284,74,27,3,'2016-01-01 00:00:00','2015-03-20 21:00:00'),(285,75,17,3,'2016-01-01 00:00:00','2015-03-20 21:00:00'),(286,76,27,3,'2016-01-01 00:00:00','2015-03-20 21:00:00'),(287,77,14,3,'2016-01-01 00:00:00','2015-03-20 21:00:00'),(288,78,27,3,'2016-01-01 00:00:00','2015-03-20 21:00:00'),(289,79,38,3,'2016-01-01 00:00:00','2015-03-20 21:00:00'),(290,80,49,3,'2016-01-01 00:00:00','2015-03-20 21:00:00'),(291,81,8,3,'2016-01-01 00:00:00','2015-03-20 21:00:00'),(292,82,30,3,'2016-01-01 00:00:00','2015-03-20 21:00:00'),(293,83,4,3,'2016-01-01 00:00:00','2015-03-20 21:00:00'),(294,84,17,3,'2016-01-01 00:00:00','2015-03-20 21:00:00'),(295,85,22,3,'2016-01-01 00:00:00','2015-03-20 21:00:00'),(296,86,8,3,'2016-01-01 00:00:00','2015-03-20 21:00:00'),(297,87,30,3,'2016-01-01 00:00:00','2015-03-20 21:00:00'),(298,88,25,3,'2016-01-01 00:00:00','2015-03-20 21:00:00'),(299,89,0,3,'2016-01-01 00:00:00','2015-03-20 21:00:00'),(300,90,42,3,'2016-01-01 00:00:00','2015-03-20 21:00:00'),(301,91,47,3,'2016-01-01 00:00:00','2015-03-20 21:00:00'),(302,92,32,3,'2016-01-01 00:00:00','2015-03-20 21:00:00'),(303,93,4,3,'2016-01-01 00:00:00','2015-03-20 21:00:00'),(304,94,11,3,'2016-01-01 00:00:00','2015-03-20 21:00:00'),(305,95,6,3,'2016-01-01 00:00:00','2015-03-20 21:00:00'),(306,96,30,3,'2016-01-01 00:00:00','2015-03-20 21:00:00'),(307,97,30,3,'2016-01-01 00:00:00','2015-03-20 21:00:00'),(308,98,9,3,'2016-01-01 00:00:00','2015-03-20 21:00:00'),(309,99,38,3,'2016-01-01 00:00:00','2015-03-20 21:00:00'),(310,100,24,3,'2016-01-01 00:00:00','2015-03-20 21:00:00'),(311,101,49,3,'2016-01-01 00:00:00','2015-03-20 21:00:00'),(312,102,43,3,'2016-01-01 00:00:00','2015-03-20 21:00:00'),(313,103,25,3,'2016-01-01 00:00:00','2015-03-20 21:00:00'),(314,104,11,3,'2016-01-01 00:00:00','2015-03-20 21:00:00'),(315,105,6,3,'2016-01-01 00:00:00','2015-03-20 21:00:00');
/*!40000 ALTER TABLE `stock_products` ENABLE KEYS */;
UNLOCK TABLES;

--
-- Table structure for table `storehouses`
--

DROP TABLE IF EXISTS `storehouses`;
/*!40101 SET @saved_cs_client     = @@character_set_client */;
/*!50503 SET character_set_client = utf8mb4 */;
CREATE TABLE `storehouses` (
  `id` int unsigned NOT NULL AUTO_INCREMENT,
  `name` varchar(255) DEFAULT NULL COMMENT 'Название',
  `created_at` datetime DEFAULT CURRENT_TIMESTAMP,
  `updated_at` datetime DEFAULT CURRENT_TIMESTAMP ON UPDATE CURRENT_TIMESTAMP,
  PRIMARY KEY (`id`)
) ENGINE=InnoDB AUTO_INCREMENT=4 DEFAULT CHARSET=utf8mb4 COLLATE=utf8mb4_0900_ai_ci COMMENT='Склады';
/*!40101 SET character_set_client = @saved_cs_client */;

--
-- Dumping data for table `storehouses`
--

LOCK TABLES `storehouses` WRITE;
/*!40000 ALTER TABLE `storehouses` DISABLE KEYS */;
INSERT INTO `storehouses` VALUES (1,'Горбушкин двор','2021-03-18 17:10:31','2021-03-18 17:10:31'),(2,'Новые черемушки','2021-03-18 17:10:31','2021-03-18 17:10:31'),(3,'Лужники','2021-03-18 17:10:31','2021-03-18 17:10:31');
/*!40000 ALTER TABLE `storehouses` ENABLE KEYS */;
UNLOCK TABLES;

--
-- Final view structure for view `articles`
--

/*!50001 DROP VIEW IF EXISTS `articles`*/;
/*!50001 SET @saved_cs_client          = @@character_set_client */;
/*!50001 SET @saved_cs_results         = @@character_set_results */;
/*!50001 SET @saved_col_connection     = @@collation_connection */;
/*!50001 SET character_set_client      = utf8mb4 */;
/*!50001 SET character_set_results     = utf8mb4 */;
/*!50001 SET collation_connection      = utf8mb4_0900_ai_ci */;
/*!50001 CREATE ALGORITHM=UNDEFINED */
/*!50013 DEFINER=`root`@`localhost` SQL SECURITY DEFINER */
/*!50001 VIEW `articles` AS select distinct concat(`products`.`id`,`catalogs`.`id`,`products`.`color`,`products`.`size`) AS `art`,`products`.`name` AS `prod_name`,`catalogs`.`name` AS `cat_name`,`products`.`price` AS `price`,`stock_products`.`value` AS `value`,`storehouses`.`name` AS `store` from (((`products` left join `catalogs` on((`products`.`catalog_id` = `catalogs`.`id`))) left join `stock_products` on((`stock_products`.`product_id` = `products`.`id`))) left join `storehouses` on((`stock_products`.`storehous_id` = `storehouses`.`id`))) */;
/*!50001 SET character_set_client      = @saved_cs_client */;
/*!50001 SET character_set_results     = @saved_cs_results */;
/*!50001 SET collation_connection      = @saved_col_connection */;
/*!40103 SET TIME_ZONE=@OLD_TIME_ZONE */;

/*!40101 SET SQL_MODE=@OLD_SQL_MODE */;
/*!40014 SET FOREIGN_KEY_CHECKS=@OLD_FOREIGN_KEY_CHECKS */;
/*!40014 SET UNIQUE_CHECKS=@OLD_UNIQUE_CHECKS */;
/*!40101 SET CHARACTER_SET_CLIENT=@OLD_CHARACTER_SET_CLIENT */;
/*!40101 SET CHARACTER_SET_RESULTS=@OLD_CHARACTER_SET_RESULTS */;
/*!40101 SET COLLATION_CONNECTION=@OLD_COLLATION_CONNECTION */;
/*!40111 SET SQL_NOTES=@OLD_SQL_NOTES */;

-- Dump completed on 2021-03-18 17:47:44
