-- MySQL dump 10.13  Distrib 8.0.23, for Win64 (x86_64)
--
-- Host: localhost    Database: vk
-- ------------------------------------------------------
-- Server version	8.0.23

/*!40101 SET @OLD_CHARACTER_SET_CLIENT=@@CHARACTER_SET_CLIENT */;
/*!40101 SET @OLD_CHARACTER_SET_RESULTS=@@CHARACTER_SET_RESULTS */;
/*!40101 SET @OLD_COLLATION_CONNECTION=@@COLLATION_CONNECTION */;
/*!50503 SET NAMES utf8mb4 */;
/*!40103 SET @OLD_TIME_ZONE=@@TIME_ZONE */;
/*!40103 SET TIME_ZONE='+00:00' */;
/*!40014 SET @OLD_UNIQUE_CHECKS=@@UNIQUE_CHECKS, UNIQUE_CHECKS=0 */;
/*!40014 SET @OLD_FOREIGN_KEY_CHECKS=@@FOREIGN_KEY_CHECKS, FOREIGN_KEY_CHECKS=0 */;
/*!40101 SET @OLD_SQL_MODE=@@SQL_MODE, SQL_MODE='NO_AUTO_VALUE_ON_ZERO' */;
/*!40111 SET @OLD_SQL_NOTES=@@SQL_NOTES, SQL_NOTES=0 */;

--
-- Table structure for table `communities`
--

DROP TABLE IF EXISTS `communities`;
/*!40101 SET @saved_cs_client     = @@character_set_client */;
/*!50503 SET character_set_client = utf8mb4 */;
CREATE TABLE `communities` (
  `id` int unsigned NOT NULL AUTO_INCREMENT COMMENT '╨Ш╨┤╨╡╨╜╤В╨╕╤Д╨╕╨║╨░╤В╨╛╤А ╤Б╤А╨╛╨║╨╕',
  `owner_id` int unsigned NOT NULL,
  `name` varchar(150) CHARACTER SET utf8mb4 COLLATE utf8mb4_unicode_ci NOT NULL COMMENT '╨Э╨░╨╖╨▓╨░╨╜╨╕╨╡ ╨│╤А╤Г╨┐╨┐╤Л',
  `created_at` datetime DEFAULT CURRENT_TIMESTAMP COMMENT '╨Т╤А╨╡╨╝╤П ╤Б╨╛╨╖╨┤╨░╨╜╨╕╤П ╤Б╤В╤А╨╛╨║╨╕',
  `updated_at` datetime DEFAULT CURRENT_TIMESTAMP ON UPDATE CURRENT_TIMESTAMP COMMENT '╨Т╤А╨╡╨╝╤П ╨╛╨▒╨╜╨╛╨▓╨╗╨╡╨╜╨╕╤П ╤Б╤В╤А╨╛╨║╨╕',
  PRIMARY KEY (`id`),
  UNIQUE KEY `name` (`name`),
  KEY `communities_owner_id_fk` (`owner_id`),
  CONSTRAINT `communities_owner_id_fk` FOREIGN KEY (`owner_id`) REFERENCES `users` (`id`) ON DELETE CASCADE
) ENGINE=InnoDB AUTO_INCREMENT=101 DEFAULT CHARSET=utf8mb4 COLLATE=utf8mb4_unicode_ci COMMENT='╨У╤А╤Г╨┐╨┐╤Л';
/*!40101 SET character_set_client = @saved_cs_client */;

--
-- Dumping data for table `communities`
--

LOCK TABLES `communities` WRITE;
/*!40000 ALTER TABLE `communities` DISABLE KEYS */;
INSERT INTO `communities` VALUES (1,97,'eum','2014-01-05 19:49:57','2021-02-13 14:15:18'),(2,68,'quos','2012-03-22 02:28:55','2021-02-13 14:15:18'),(3,50,'velit','2020-08-24 13:40:08','2021-02-13 14:15:18'),(4,44,'et','2014-04-06 12:05:59','2021-02-13 14:15:18'),(5,68,'necessitatibus','2020-12-25 04:45:34','2021-02-13 14:15:18'),(6,9,'qui','2014-08-12 15:40:56','2021-02-13 14:15:18'),(7,42,'voluptatem','2018-03-04 18:28:41','2021-02-13 14:15:18'),(8,80,'deserunt','2020-03-29 08:33:57','2021-02-13 14:15:18'),(9,74,'corrupti','2016-11-21 08:07:50','2021-02-13 14:15:18'),(10,32,'provident','2013-07-31 09:51:49','2021-02-13 14:15:18'),(11,34,'facilis','2011-03-22 13:34:09','2021-02-13 14:15:18'),(12,74,'reprehenderit','2012-05-27 07:42:47','2021-02-13 14:15:18'),(13,70,'in','2015-02-05 00:01:07','2021-02-13 14:15:18'),(14,27,'rerum','2015-02-11 11:14:24','2021-02-13 14:15:18'),(15,22,'quas','2013-02-27 05:25:20','2021-02-13 14:15:18'),(16,29,'sapiente','2015-04-26 12:43:12','2021-02-13 14:15:18'),(17,80,'dolores','2016-10-21 23:55:50','2021-02-13 14:15:18'),(18,13,'eius','2016-05-01 09:08:17','2021-02-13 14:15:18'),(19,23,'possimus','2015-07-13 07:33:21','2021-02-13 14:15:18'),(20,76,'autem','2017-10-01 19:38:09','2021-02-13 14:15:18');
/*!40000 ALTER TABLE `communities` ENABLE KEYS */;
UNLOCK TABLES;

--
-- Table structure for table `communities_users`
--

DROP TABLE IF EXISTS `communities_users`;
/*!40101 SET @saved_cs_client     = @@character_set_client */;
/*!50503 SET character_set_client = utf8mb4 */;
CREATE TABLE `communities_users` (
  `community_id` int unsigned NOT NULL COMMENT '╨б╤Б╤Л╨╗╨║╨░ ╨╜╨░ ╨│╤А╤Г╨┐╨┐╤Г',
  `user_id` int unsigned NOT NULL COMMENT '╨б╤Б╤Л╨╗╨║╨░ ╨╜╨░ ╨┐╨╛╨╗╤М╨╖╨╛╨▓╨░╤В╨╡╨╗╤П',
  `created_at` datetime DEFAULT CURRENT_TIMESTAMP COMMENT '╨Т╤А╨╡╨╝╤П ╤Б╨╛╨╖╨┤╨░╨╜╨╕╤П ╤Б╤В╤А╨╛╨║╨╕',
  PRIMARY KEY (`community_id`,`user_id`) COMMENT '╨б╨╛╤Б╤В╨░╨▓╨╜╨╛╨╣ ╨┐╨╡╤А╨▓╨╕╤З╨╜╤Л╨╣ ╨║╨╗╤О╤З',
  KEY `communities_user_users_id_fk` (`user_id`),
  CONSTRAINT `communities_user_id_fk` FOREIGN KEY (`user_id`) REFERENCES `users` (`id`) ON DELETE CASCADE,
  CONSTRAINT `communities_user_users_id_fk` FOREIGN KEY (`user_id`) REFERENCES `users` (`id`) ON DELETE CASCADE,
  CONSTRAINT `communities_users_community_id_fk` FOREIGN KEY (`community_id`) REFERENCES `communities` (`id`) ON DELETE CASCADE,
  CONSTRAINT `community_id_fk` FOREIGN KEY (`community_id`) REFERENCES `communities` (`id`) ON DELETE CASCADE
) ENGINE=InnoDB DEFAULT CHARSET=utf8mb4 COLLATE=utf8mb4_unicode_ci COMMENT='╨г╤З╨░╤Б╤В╨╜╨╕╨║╨╕ ╨│╤А╤Г╨┐╨┐, ╤Б╨▓╤П╨╖╤М ╨╝╨╡╨╢╨┤╤Г ╨┐╨╛╨╗╤М╨╖╨╛╨▓╨░╤В╨╡╨╗╤П╨╝╨╕ ╨╕ ╨│╤А╤Г╨┐╨┐╨░╨╝╨╕';
/*!40101 SET character_set_client = @saved_cs_client */;

--
-- Dumping data for table `communities_users`
--

LOCK TABLES `communities_users` WRITE;
/*!40000 ALTER TABLE `communities_users` DISABLE KEYS */;
INSERT INTO `communities_users` VALUES (1,4,'2017-02-04 01:40:33'),(1,17,'2011-10-06 08:59:20'),(1,37,'2016-04-02 07:14:46'),(1,42,'2015-08-13 12:42:44'),(2,29,'2017-06-03 17:08:55'),(2,36,'2013-10-20 00:46:39'),(2,50,'2011-12-31 12:50:04'),(2,61,'2011-12-02 18:56:12'),(2,67,'2020-06-04 16:58:51'),(2,68,'2014-12-01 02:32:41'),(2,95,'2018-07-22 05:31:13'),(3,13,'2019-04-19 18:04:05'),(3,41,'2012-04-06 15:25:00'),(3,48,'2020-03-09 09:03:43'),(3,80,'2014-12-12 14:39:28'),(3,85,'2016-05-27 18:16:33'),(3,89,'2012-04-05 03:23:36'),(3,99,'2020-01-10 03:42:00'),(4,38,'2013-12-10 11:12:27'),(4,46,'2018-12-13 14:04:31'),(4,52,'2019-02-01 17:52:44'),(4,69,'2017-06-20 01:34:35'),(4,82,'2012-06-17 12:49:22'),(5,9,'2015-08-23 10:23:43'),(5,39,'2017-04-17 16:32:27'),(5,56,'2015-08-30 15:58:22'),(5,70,'2015-07-19 15:12:42'),(5,78,'2015-04-10 21:31:59'),(5,96,'2020-11-24 13:07:34'),(6,3,'2013-03-27 18:54:49'),(6,18,'2016-04-22 18:12:45'),(6,26,'2011-12-11 08:57:27'),(6,32,'2020-10-25 05:07:12'),(6,33,'2016-10-03 11:21:50'),(6,49,'2021-01-06 02:46:33'),(6,64,'2014-04-01 07:23:48'),(6,79,'2014-04-10 08:36:30'),(6,84,'2015-07-14 00:02:28'),(6,90,'2012-08-04 03:30:21'),(7,6,'2012-10-22 22:08:45'),(7,15,'2018-05-11 12:12:51'),(7,55,'2013-08-01 09:11:31'),(7,91,'2015-01-04 05:37:49'),(8,28,'2012-12-23 17:34:05'),(8,35,'2016-10-11 06:35:38'),(8,58,'2018-10-04 10:12:08'),(8,62,'2017-07-07 02:32:28'),(8,92,'2020-04-30 20:00:14'),(9,25,'2014-03-09 15:23:52'),(9,45,'2014-12-02 01:52:50'),(9,53,'2015-12-22 22:49:03'),(9,65,'2017-10-01 15:21:16'),(9,100,'2018-11-18 00:19:14'),(10,2,'2014-12-07 16:31:48'),(10,19,'2013-01-13 15:34:46'),(10,20,'2015-12-31 02:10:50'),(10,59,'2014-05-23 09:07:11'),(10,83,'2014-06-10 12:21:59'),(11,8,'2015-04-12 16:57:21'),(11,11,'2013-03-02 12:56:49'),(11,43,'2016-01-14 04:52:17'),(11,66,'2013-12-06 09:52:18'),(12,14,'2017-09-05 16:07:00'),(12,21,'2017-03-04 05:59:05'),(12,22,'2018-08-11 09:12:23'),(12,44,'2013-02-10 01:27:37'),(12,63,'2019-02-23 19:29:07'),(12,74,'2020-12-13 16:17:58'),(12,77,'2013-04-28 05:11:37'),(12,87,'2018-12-24 23:39:24'),(13,76,'2016-03-13 08:28:04'),(14,24,'2011-09-03 11:12:04'),(14,73,'2019-03-05 12:14:16'),(14,97,'2017-09-04 10:31:45'),(15,5,'2012-10-06 18:52:44'),(15,10,'2013-04-19 17:01:45'),(15,12,'2011-10-14 23:58:29'),(15,30,'2014-07-29 06:30:27'),(15,75,'2014-11-06 05:16:59'),(15,81,'2021-01-07 05:18:40'),(15,88,'2020-01-05 23:16:42'),(16,1,'2015-09-10 07:49:14'),(16,23,'2011-08-21 18:37:15'),(16,31,'2015-09-09 19:53:47'),(16,40,'2017-11-11 01:57:09'),(16,57,'2019-08-16 08:32:02'),(16,72,'2020-01-03 13:23:03'),(17,34,'2021-01-17 10:33:17'),(17,60,'2012-05-15 15:25:20'),(17,93,'2017-04-14 10:50:54'),(18,27,'2020-10-06 01:59:59'),(19,7,'2013-02-18 04:04:32'),(19,47,'2015-06-12 07:18:40'),(19,51,'2018-06-20 01:00:01'),(19,94,'2013-02-20 18:50:36'),(19,98,'2012-11-12 16:00:05'),(20,16,'2012-04-01 16:49:03'),(20,54,'2017-07-01 12:14:22'),(20,71,'2018-11-14 12:45:56'),(20,86,'2018-12-06 05:18:26');
/*!40000 ALTER TABLE `communities_users` ENABLE KEYS */;
UNLOCK TABLES;

--
-- Table structure for table `friendship`
--

DROP TABLE IF EXISTS `friendship`;
/*!40101 SET @saved_cs_client     = @@character_set_client */;
/*!50503 SET character_set_client = utf8mb4 */;
CREATE TABLE `friendship` (
  `user_id` int unsigned NOT NULL COMMENT '╨б╤Б╤Л╨╗╨║╨░ ╨╜╨░ ╨╕╨╜╨╕╤Ж╨╕╨░╤В╨╛╤А╨░ ╨┤╤А╤Г╨╢╨╡╤Б╨║╨╕╤Е ╨╛╤В╨╜╨╛╤И╨╡╨╜╨╕╨╣',
  `friend_id` int unsigned NOT NULL COMMENT '╨б╤Б╤Л╨╗╨║╨░ ╨╜╨░ ╨┐╨╛╨╗╤Г╤З╨░╤В╨╡╨╗╤П ╨┐╤А╨╕╨│╨╗╨░╤И╨╡╨╜╨╕╤П ╨┤╤А╤Г╨╢╨╕╤В╤М',
  `friendship_status_id` int unsigned NOT NULL COMMENT '╨б╤Б╤Л╨╗╨║╨░ ╨╜╨░ ╤Б╤В╨░╤В╤Г╤Б (╤В╨╡╨║╤Г╤Й╨╡╨╡ ╤Б╨╛╤Б╤В╨╛╤П╨╜╨╕╨╡) ╨╛╤В╨╜╨╛╤И╨╡╨╜╨╕╨╣',
  `confirmed_at` datetime DEFAULT NULL COMMENT '╨Т╤А╨╡╨╝╤П ╨┐╨╛╨┤╤В╨▓╨╡╤А╨╢╨┤╨╡╨╜╨╕╤П ╨┐╤А╨╕╨│╨╗╨░╤И╨╡╨╜╨╕╤П',
  `created_at` datetime DEFAULT CURRENT_TIMESTAMP COMMENT '╨Т╤А╨╡╨╝╤П ╤Б╨╛╨╖╨┤╨░╨╜╨╕╤П ╤Б╤В╤А╨╛╨║╨╕',
  `updated_at` datetime DEFAULT CURRENT_TIMESTAMP ON UPDATE CURRENT_TIMESTAMP COMMENT '╨Т╤А╨╡╨╝╤П ╨╛╨▒╨╜╨╛╨▓╨╗╨╡╨╜╨╕╤П ╤Б╤В╤А╨╛╨║╨╕',
  PRIMARY KEY (`user_id`,`friend_id`) COMMENT '╨б╨╛╤Б╤В╨░╨▓╨╜╨╛╨╣ ╨┐╨╡╤А╨▓╨╕╤З╨╜╤Л╨╣ ╨║╨╗╤О╤З',
  KEY `friendship_friend_id_fk` (`friend_id`),
  KEY `friendship_frienship_status_id_fk` (`friendship_status_id`),
  CONSTRAINT `friendship_friend_id_fk` FOREIGN KEY (`friend_id`) REFERENCES `users` (`id`) ON DELETE CASCADE,
  CONSTRAINT `friendship_frienship_status_id_fk` FOREIGN KEY (`friendship_status_id`) REFERENCES `friendship_statuses` (`id`) ON DELETE CASCADE,
  CONSTRAINT `friendship_user_id_fk` FOREIGN KEY (`user_id`) REFERENCES `users` (`id`) ON DELETE CASCADE
) ENGINE=InnoDB DEFAULT CHARSET=utf8mb4 COLLATE=utf8mb4_unicode_ci COMMENT='╨в╨░╨▒╨╗╨╕╤Ж╨░ ╨┤╤А╤Г╨╢╨▒╤Л';
/*!40101 SET character_set_client = @saved_cs_client */;

--
-- Dumping data for table `friendship`
--

LOCK TABLES `friendship` WRITE;
/*!40000 ALTER TABLE `friendship` DISABLE KEYS */;
INSERT INTO `friendship` VALUES (2,47,3,'2012-02-09 09:25:36','2019-03-15 14:34:58','2021-02-13 14:08:29'),(3,59,2,'2014-01-26 13:00:58','2018-06-14 12:56:15','2021-02-13 14:08:29'),(5,66,1,'2012-03-07 11:48:17','2018-03-08 20:22:24','2021-02-13 14:08:29'),(6,40,1,'2019-03-31 03:13:56','2013-04-13 06:50:48','2021-02-13 14:08:29'),(6,66,1,'2020-09-29 06:32:12','2016-05-12 08:44:35','2021-02-13 13:57:54'),(7,32,3,'2017-06-16 11:15:17','2017-02-05 06:36:54','2021-02-13 14:08:29'),(9,42,1,'2019-07-17 18:21:18','2014-12-01 22:48:34','2021-02-13 14:08:29'),(10,38,1,'2018-07-23 05:37:07','2014-02-11 13:38:30','2021-02-13 14:08:29'),(11,43,1,'2015-04-17 12:01:56','2016-11-11 15:15:13','2021-02-13 14:08:29'),(12,38,2,'2013-06-14 22:55:25','2015-09-25 17:26:53','2021-02-13 14:08:29'),(13,3,1,'2019-12-25 16:55:52','2012-06-12 00:10:07','2021-02-13 14:08:29'),(13,8,3,'2012-03-09 06:15:59','2019-01-04 07:48:07','2021-02-13 14:08:29'),(13,65,3,'2021-01-05 05:45:58','2016-11-22 14:33:17','2021-02-13 14:08:29'),(15,46,3,'2015-02-19 10:51:06','2018-01-10 07:35:41','2021-02-13 14:08:29'),(15,68,3,'2018-06-24 10:54:17','2014-07-08 07:07:46','2021-02-13 14:08:29'),(15,74,1,'2011-12-27 08:44:48','2011-08-29 16:52:26','2021-02-13 14:08:29'),(15,84,2,'2016-11-29 12:43:26','2017-05-02 08:26:16','2021-02-13 14:08:29'),(16,40,1,'2012-02-10 11:55:25','2019-11-02 20:48:45','2021-02-13 14:08:29'),(18,51,1,'2019-06-05 16:33:36','2018-09-29 08:54:10','2021-02-13 14:08:29'),(18,84,3,'2017-08-14 14:26:26','2015-09-01 06:16:16','2021-02-13 14:08:29'),(19,86,1,'2012-01-19 08:51:05','2018-08-16 09:32:21','2021-02-13 14:08:29'),(20,27,2,'2012-10-18 11:52:22','2017-08-25 10:40:02','2021-02-13 14:08:29'),(21,36,3,'2013-02-23 11:29:14','2018-10-20 22:23:09','2021-02-13 14:08:29'),(22,6,3,'2018-12-04 07:56:41','2016-03-23 10:52:24','2021-02-13 14:08:29'),(22,13,3,'2014-04-26 14:35:06','2013-01-26 20:58:50','2021-02-13 14:08:29'),(27,9,1,'2013-01-31 13:30:21','2015-02-09 03:19:05','2021-02-13 14:08:29'),(27,93,1,'2012-09-21 20:54:45','2016-01-29 05:16:55','2021-02-13 14:08:29'),(32,3,1,'2018-03-07 00:25:27','2015-06-24 06:41:58','2021-02-13 14:08:29'),(33,72,3,'2015-09-03 03:45:56','2016-10-08 04:02:56','2021-02-13 14:08:29'),(34,21,1,'2020-05-13 06:53:48','2012-05-21 06:46:38','2021-02-13 14:08:29'),(34,48,2,'2012-06-05 14:36:58','2015-12-29 17:14:50','2021-02-13 14:08:29'),(34,96,1,'2017-07-31 09:07:45','2018-01-31 07:23:19','2021-02-13 14:08:29'),(36,34,2,'2013-07-16 10:15:04','2020-02-26 17:01:54','2021-02-13 14:08:29'),(37,42,2,'2020-02-02 16:37:18','2019-11-19 15:22:48','2021-02-13 14:08:29'),(38,92,1,'2016-06-01 22:31:26','2020-04-12 23:36:04','2021-02-13 14:08:29'),(39,14,3,'2018-03-15 14:03:32','2011-04-08 20:12:06','2021-02-13 14:08:29'),(39,68,2,'2014-07-13 02:32:00','2018-10-20 22:46:55','2021-02-13 14:08:29'),(43,45,3,'2018-01-16 03:05:37','2014-07-19 09:59:44','2021-02-13 14:08:29'),(44,68,2,'2012-02-20 01:10:22','2015-02-02 19:09:15','2021-02-13 14:08:29'),(47,30,1,'2017-12-27 03:57:10','2017-02-21 01:56:55','2021-02-13 14:08:29'),(47,57,3,'2011-10-17 06:31:17','2019-03-20 07:23:20','2021-02-13 14:08:29'),(49,25,2,'2011-04-20 07:19:16','2015-03-08 13:25:12','2021-02-13 14:08:29'),(51,34,3,'2014-01-04 14:57:09','2014-02-11 13:07:35','2021-02-13 14:08:29'),(51,86,1,'2020-05-04 01:25:12','2012-12-27 19:38:21','2021-02-13 14:08:29'),(53,18,1,'2012-06-07 07:35:15','2018-08-03 10:36:09','2021-02-13 14:08:29'),(53,22,3,'2014-08-10 14:32:15','2017-07-27 09:22:12','2021-02-13 14:08:29'),(54,23,3,'2014-02-18 20:01:06','2017-12-13 16:08:18','2021-02-13 14:08:29'),(55,5,2,'2013-12-31 10:08:53','2016-09-06 03:29:48','2021-02-13 14:08:29'),(57,42,2,'2020-01-27 18:56:46','2013-03-19 06:26:26','2021-02-13 14:08:29'),(57,69,1,'2017-05-17 18:31:46','2017-10-21 06:54:46','2021-02-13 14:08:29'),(57,83,3,'2013-09-14 04:25:38','2011-10-13 03:09:12','2021-02-13 14:08:29'),(59,75,1,'2014-11-13 17:45:21','2015-03-16 10:58:36','2021-02-13 14:08:29'),(59,79,3,'2011-11-14 19:37:40','2014-02-26 06:45:21','2021-02-13 14:08:29'),(60,48,3,'2014-08-27 23:44:48','2017-01-23 07:28:05','2021-02-13 14:08:29'),(60,83,2,'2017-11-16 11:41:08','2013-06-14 08:06:04','2021-02-13 14:08:29'),(62,93,2,'2013-09-22 17:17:22','2016-07-19 21:06:15','2021-02-13 14:08:29'),(63,25,2,'2012-05-22 23:21:12','2020-07-20 03:16:43','2021-02-13 14:08:29'),(64,100,1,'2019-12-02 08:11:45','2016-09-30 02:05:27','2021-02-13 14:08:29'),(65,20,3,'2020-01-30 22:25:06','2015-03-18 12:24:13','2021-02-13 14:08:29'),(66,79,3,'2014-07-22 03:40:12','2014-01-30 08:27:53','2021-02-13 14:08:29'),(67,7,2,'2015-04-15 06:41:13','2020-04-12 21:10:33','2021-02-13 14:08:29'),(67,14,1,'2020-03-04 02:47:31','2013-06-20 01:39:31','2021-02-13 14:08:29'),(67,36,3,'2017-08-05 17:11:05','2019-11-27 02:26:59','2021-02-13 14:08:29'),(68,65,1,'2018-06-02 05:32:00','2013-10-06 18:28:36','2021-02-13 14:08:29'),(68,96,1,'2015-07-15 06:10:44','2018-08-09 12:44:05','2021-02-13 14:08:29'),(69,4,1,'2018-09-11 14:50:52','2011-03-06 03:26:02','2021-02-13 14:08:29'),(69,56,3,'2018-07-26 14:21:21','2015-01-13 17:29:29','2021-02-13 14:08:29'),(70,5,3,'2018-03-08 15:50:07','2017-11-08 12:10:53','2021-02-13 14:08:29'),(71,96,3,'2018-04-20 02:03:19','2015-01-22 10:37:46','2021-02-13 14:08:29'),(73,15,1,'2017-05-15 05:52:39','2017-01-08 08:07:31','2021-02-13 14:08:29'),(73,47,3,'2017-01-29 09:39:53','2019-08-16 15:19:22','2021-02-13 14:08:29'),(73,58,1,'2014-12-11 22:34:14','2012-07-02 10:35:21','2021-02-13 14:08:29'),(73,59,2,'2012-06-23 13:32:17','2020-08-20 07:05:38','2021-02-13 14:08:29'),(73,97,1,'2018-12-15 07:42:03','2013-06-25 18:59:17','2021-02-13 14:08:29'),(75,88,1,'2011-06-09 09:48:40','2014-12-17 01:50:12','2021-02-13 14:08:29'),(75,90,2,'2012-06-01 14:18:52','2015-03-20 23:05:20','2021-02-13 14:08:29'),(75,99,2,'2012-10-29 03:28:37','2014-12-25 13:58:32','2021-02-13 14:08:29'),(76,94,3,'2011-12-08 12:55:06','2013-03-16 08:36:46','2021-02-13 14:08:29'),(76,100,1,'2015-10-02 08:24:59','2018-09-28 01:12:02','2021-02-13 14:08:29'),(78,10,3,'2019-08-08 04:34:01','2011-03-12 03:00:01','2021-02-13 14:08:29'),(78,14,2,'2014-01-20 11:39:06','2016-04-19 23:24:15','2021-02-13 14:08:29'),(78,30,1,'2018-01-13 21:54:45','2019-08-31 08:00:46','2021-02-13 14:08:29'),(78,62,1,'2015-09-07 10:12:49','2016-06-01 11:37:33','2021-02-13 14:08:29'),(80,40,1,'2012-03-15 06:18:33','2017-09-30 00:51:47','2021-02-13 14:08:29'),(80,82,3,'2013-07-19 10:03:03','2014-11-10 04:05:04','2021-02-13 14:08:29'),(82,1,2,'2013-11-07 21:58:46','2020-07-03 10:59:08','2021-02-13 14:08:29'),(84,41,2,'2013-06-19 19:35:44','2015-10-02 16:08:35','2021-02-13 14:08:29'),(85,50,1,'2019-11-29 03:31:35','2020-11-19 18:04:10','2021-02-13 14:08:29'),(85,87,3,'2020-10-01 17:56:31','2015-08-14 14:09:08','2021-02-13 14:08:29'),(85,98,2,'2020-09-21 18:29:25','2011-11-29 22:43:10','2021-02-13 14:08:29'),(89,47,1,'2011-07-26 03:06:36','2019-03-06 04:02:57','2021-02-13 14:08:29'),(94,19,2,'2013-12-09 20:41:03','2012-10-25 16:59:58','2021-02-13 14:08:29'),(95,40,1,'2020-07-30 04:23:19','2018-01-19 23:21:07','2021-02-13 14:08:29'),(95,72,1,'2019-05-19 23:40:36','2017-05-24 23:15:05','2021-02-13 14:08:29'),(97,49,1,'2016-10-10 22:04:58','2015-06-01 14:22:37','2021-02-13 14:08:29'),(97,58,1,'2012-10-26 00:25:57','2013-12-26 07:32:37','2021-02-13 14:08:29'),(98,51,1,'2014-02-10 14:51:08','2014-02-17 11:20:34','2021-02-13 14:08:29'),(98,69,2,'2020-06-04 17:35:38','2012-10-02 22:58:34','2021-02-13 14:08:29'),(100,24,1,'2015-07-28 08:59:36','2017-09-24 18:58:58','2021-02-13 14:08:29'),(100,74,3,'2015-10-20 04:55:59','2014-09-09 08:30:27','2021-02-13 14:08:29');
/*!40000 ALTER TABLE `friendship` ENABLE KEYS */;
UNLOCK TABLES;

--
-- Table structure for table `friendship_statuses`
--

DROP TABLE IF EXISTS `friendship_statuses`;
/*!40101 SET @saved_cs_client     = @@character_set_client */;
/*!50503 SET character_set_client = utf8mb4 */;
CREATE TABLE `friendship_statuses` (
  `id` int unsigned NOT NULL AUTO_INCREMENT COMMENT '╨Ш╨┤╨╡╨╜╤В╨╕╤Д╨╕╨║╨░╤В╨╛╤А ╤Б╤В╤А╨╛╨║╨╕',
  `name` varchar(150) CHARACTER SET utf8mb4 COLLATE utf8mb4_unicode_ci NOT NULL COMMENT '╨Э╨░╨╖╨▓╨░╨╜╨╕╨╡ ╤Б╤В╨░╤В╤Г╤Б╨░',
  `created_at` datetime DEFAULT CURRENT_TIMESTAMP COMMENT '╨Т╤А╨╡╨╝╤П ╤Б╨╛╨╖╨┤╨░╨╜╨╕╤П ╤Б╤В╤А╨╛╨║╨╕',
  `updated_at` datetime DEFAULT CURRENT_TIMESTAMP ON UPDATE CURRENT_TIMESTAMP COMMENT '╨Т╤А╨╡╨╝╤П ╨╛╨▒╨╜╨╛╨▓╨╗╨╡╨╜╨╕╤П ╤Б╤В╤А╨╛╨║╨╕',
  PRIMARY KEY (`id`),
  UNIQUE KEY `name` (`name`)
) ENGINE=InnoDB AUTO_INCREMENT=4 DEFAULT CHARSET=utf8mb4 COLLATE=utf8mb4_unicode_ci COMMENT='╨б╤В╨░╤В╤Г╤Б╤Л ╨┤╤А╤Г╨╢╨▒╤Л';
/*!40101 SET character_set_client = @saved_cs_client */;

--
-- Dumping data for table `friendship_statuses`
--

LOCK TABLES `friendship_statuses` WRITE;
/*!40000 ALTER TABLE `friendship_statuses` DISABLE KEYS */;
INSERT INTO `friendship_statuses` VALUES (1,'Requested','2021-02-13 14:03:10','2021-02-13 14:03:10'),(2,'Confirmed','2021-02-13 14:03:10','2021-02-13 14:03:10'),(3,'Rejected','2021-02-13 14:03:10','2021-02-13 14:03:10');
/*!40000 ALTER TABLE `friendship_statuses` ENABLE KEYS */;
UNLOCK TABLES;

--
-- Table structure for table `likes`
--

DROP TABLE IF EXISTS `likes`;
/*!40101 SET @saved_cs_client     = @@character_set_client */;
/*!50503 SET character_set_client = utf8mb4 */;
CREATE TABLE `likes` (
  `id` int unsigned NOT NULL AUTO_INCREMENT,
  `user_id` int unsigned NOT NULL,
  `target_id` int unsigned NOT NULL,
  `target_type_id` int unsigned NOT NULL,
  `created_at` datetime DEFAULT CURRENT_TIMESTAMP,
  PRIMARY KEY (`id`),
  KEY `likes_user_id_fk` (`user_id`),
  KEY `likes_target_id_fk` (`target_id`),
  KEY `likes_target_type_id_fk` (`target_type_id`),
  CONSTRAINT `likes_target_id_fk` FOREIGN KEY (`target_id`) REFERENCES `users` (`id`) ON DELETE CASCADE,
  CONSTRAINT `likes_target_type_id_fk` FOREIGN KEY (`target_type_id`) REFERENCES `target_types` (`id`) ON DELETE CASCADE,
  CONSTRAINT `likes_user_id_fk` FOREIGN KEY (`user_id`) REFERENCES `users` (`id`) ON DELETE CASCADE
) ENGINE=InnoDB AUTO_INCREMENT=101 DEFAULT CHARSET=utf8mb4 COLLATE=utf8mb4_0900_ai_ci;
/*!40101 SET character_set_client = @saved_cs_client */;

--
-- Dumping data for table `likes`
--

LOCK TABLES `likes` WRITE;
/*!40000 ALTER TABLE `likes` DISABLE KEYS */;
INSERT INTO `likes` VALUES (1,2,45,1,'2021-02-20 18:06:33'),(2,63,57,4,'2021-02-20 18:06:33'),(3,4,35,3,'2021-02-20 18:06:33'),(4,6,41,4,'2021-02-20 18:06:33'),(5,22,41,2,'2021-02-20 18:06:33'),(6,76,60,3,'2021-02-20 18:06:33'),(7,79,77,2,'2021-02-20 18:06:33'),(8,9,100,3,'2021-02-20 18:06:33'),(9,58,73,4,'2021-02-20 18:06:33'),(10,40,24,4,'2021-02-20 18:06:33'),(11,20,5,3,'2021-02-20 18:06:33'),(12,4,30,2,'2021-02-20 18:06:33'),(13,81,3,3,'2021-02-20 18:06:33'),(14,41,95,3,'2021-02-20 18:06:33'),(15,75,16,3,'2021-02-20 18:06:33'),(16,25,59,1,'2021-02-20 18:06:33'),(17,26,67,3,'2021-02-20 18:06:33'),(18,91,76,1,'2021-02-20 18:06:33'),(19,20,68,4,'2021-02-20 18:06:33'),(20,2,66,1,'2021-02-20 18:06:33'),(21,8,75,3,'2021-02-20 18:06:33'),(22,31,1,1,'2021-02-20 18:06:33'),(23,59,56,1,'2021-02-20 18:06:33'),(24,37,83,1,'2021-02-20 18:06:33'),(25,67,23,1,'2021-02-20 18:06:33'),(26,9,98,3,'2021-02-20 18:06:33'),(27,16,91,1,'2021-02-20 18:06:33'),(28,73,35,3,'2021-02-20 18:06:33'),(29,76,11,2,'2021-02-20 18:06:33'),(30,97,5,2,'2021-02-20 18:06:33'),(31,55,71,4,'2021-02-20 18:06:33'),(32,37,13,3,'2021-02-20 18:06:33'),(33,37,19,4,'2021-02-20 18:06:33'),(34,50,4,3,'2021-02-20 18:06:33'),(35,38,78,4,'2021-02-20 18:06:33'),(36,57,50,4,'2021-02-20 18:06:33'),(37,29,18,1,'2021-02-20 18:06:33'),(38,56,73,4,'2021-02-20 18:06:33'),(39,56,93,4,'2021-02-20 18:06:33'),(40,9,51,2,'2021-02-20 18:06:33'),(41,94,79,1,'2021-02-20 18:06:33'),(42,25,86,3,'2021-02-20 18:06:33'),(43,26,57,1,'2021-02-20 18:06:33'),(44,73,36,3,'2021-02-20 18:06:33'),(45,94,89,3,'2021-02-20 18:06:33'),(46,34,88,2,'2021-02-20 18:06:33'),(47,23,3,2,'2021-02-20 18:06:33'),(48,24,80,2,'2021-02-20 18:06:33'),(49,93,85,2,'2021-02-20 18:06:33'),(50,69,8,2,'2021-02-20 18:06:33'),(51,44,16,3,'2021-02-20 18:06:33'),(52,5,73,2,'2021-02-20 18:06:33'),(53,30,100,1,'2021-02-20 18:06:33'),(54,51,25,3,'2021-02-20 18:06:33'),(55,68,36,3,'2021-02-20 18:06:33'),(56,62,86,2,'2021-02-20 18:06:33'),(57,65,91,3,'2021-02-20 18:06:33'),(58,24,42,2,'2021-02-20 18:06:33'),(59,52,51,1,'2021-02-20 18:06:33'),(60,52,55,1,'2021-02-20 18:06:33'),(61,23,63,2,'2021-02-20 18:06:33'),(62,29,13,4,'2021-02-20 18:06:33'),(63,60,60,1,'2021-02-20 18:06:33'),(64,8,86,1,'2021-02-20 18:06:33'),(65,76,60,3,'2021-02-20 18:06:33'),(66,72,48,2,'2021-02-20 18:06:33'),(67,82,33,1,'2021-02-20 18:06:33'),(68,86,79,2,'2021-02-20 18:06:33'),(69,48,28,4,'2021-02-20 18:06:33'),(70,94,81,1,'2021-02-20 18:06:33'),(71,77,11,1,'2021-02-20 18:06:33'),(72,78,25,4,'2021-02-20 18:06:33'),(73,74,99,3,'2021-02-20 18:06:33'),(74,70,30,2,'2021-02-20 18:06:33'),(75,11,33,2,'2021-02-20 18:06:33'),(76,54,79,2,'2021-02-20 18:06:33'),(77,14,81,3,'2021-02-20 18:06:33'),(78,69,56,3,'2021-02-20 18:06:33'),(79,97,64,2,'2021-02-20 18:06:33'),(80,57,94,4,'2021-02-20 18:06:33'),(81,4,27,1,'2021-02-20 18:06:33'),(82,40,26,1,'2021-02-20 18:06:33'),(83,71,24,1,'2021-02-20 18:06:33'),(84,64,98,4,'2021-02-20 18:06:33'),(85,86,40,2,'2021-02-20 18:06:33'),(86,89,19,2,'2021-02-20 18:06:33'),(87,82,25,4,'2021-02-20 18:06:33'),(88,19,56,1,'2021-02-20 18:06:33'),(89,53,91,4,'2021-02-20 18:06:33'),(90,14,77,2,'2021-02-20 18:06:33'),(91,70,31,2,'2021-02-20 18:06:33'),(92,24,91,4,'2021-02-20 18:06:33'),(93,29,4,2,'2021-02-20 18:06:33'),(94,55,72,4,'2021-02-20 18:06:33'),(95,52,80,2,'2021-02-20 18:06:33'),(96,80,65,4,'2021-02-20 18:06:33'),(97,24,69,3,'2021-02-20 18:06:33'),(98,55,57,1,'2021-02-20 18:06:33'),(99,22,53,4,'2021-02-20 18:06:33'),(100,42,8,1,'2021-02-20 18:06:33');
/*!40000 ALTER TABLE `likes` ENABLE KEYS */;
UNLOCK TABLES;

--
-- Table structure for table `media`
--

DROP TABLE IF EXISTS `media`;
/*!40101 SET @saved_cs_client     = @@character_set_client */;
/*!50503 SET character_set_client = utf8mb4 */;
CREATE TABLE `media` (
  `id` int unsigned NOT NULL AUTO_INCREMENT COMMENT '╨Ш╨┤╨╡╨╜╤В╨╕╤Д╨╕╨║╨░╤В╨╛╤А ╤Б╤В╤А╨╛╨║╨╕',
  `user_id` int unsigned NOT NULL COMMENT '╨б╤Б╤Л╨╗╨║╨░ ╨╜╨░ ╨┐╨╛╨╗╤М╨╖╨╛╨▓╨░╤В╨╡╨╗╤П, ╨║╨╛╤В╨╛╤А╤Л╨╣ ╨╖╨░╨│╤А╤Г╨╖╨╕╨╗ ╤Д╨░╨╣╨╗',
  `filename` varchar(255) CHARACTER SET utf8mb4 COLLATE utf8mb4_unicode_ci NOT NULL COMMENT '╨Я╤Г╤В╤М ╨║ ╤Д╨░╨╣╨╗╤Г',
  `size` int NOT NULL COMMENT '╨а╨░╨╖╨╝╨╡╤А ╤Д╨░╨╣╨╗╨░',
  `metadata` longtext CHARACTER SET utf8mb4 COLLATE utf8mb4_bin COMMENT '╨Ь╨╡╤В╨░╨┤╨░╨╜╨╜╤Л╨╡ ╤Д╨░╨╣╨╗╨░',
  `media_type_id` int unsigned NOT NULL COMMENT '╨б╤Б╤Л╨╗╨║╨░ ╨╜╨░ ╤В╨╕╨┐ ╨║╨╛╨╜╤В╨╡╨╜╤В╨░',
  `created_at` datetime DEFAULT CURRENT_TIMESTAMP COMMENT '╨Т╤А╨╡╨╝╤П ╤Б╨╛╨╖╨┤╨░╨╜╨╕╤П ╤Б╤В╤А╨╛╨║╨╕',
  `updated_at` datetime DEFAULT CURRENT_TIMESTAMP ON UPDATE CURRENT_TIMESTAMP COMMENT '╨Т╤А╨╡╨╝╤П ╨╛╨▒╨╜╨╛╨▓╨╗╨╡╨╜╨╕╤П ╤Б╤В╤А╨╛╨║╨╕',
  PRIMARY KEY (`id`),
  KEY `media_user_id_fk` (`user_id`),
  KEY `media_media_type_id_fk` (`media_type_id`),
  CONSTRAINT `media_media_type_id_fk` FOREIGN KEY (`media_type_id`) REFERENCES `media_types` (`id`) ON DELETE CASCADE,
  CONSTRAINT `media_user_id_fk` FOREIGN KEY (`user_id`) REFERENCES `users` (`id`) ON DELETE CASCADE,
  CONSTRAINT `media_chk_1` CHECK (json_valid(`metadata`))
) ENGINE=InnoDB AUTO_INCREMENT=101 DEFAULT CHARSET=utf8mb4 COLLATE=utf8mb4_unicode_ci COMMENT='╨Ь╨╡╨┤╨╕╨░╤Д╨░╨╣╨╗╤Л';
/*!40101 SET character_set_client = @saved_cs_client */;

--
-- Dumping data for table `media`
--

LOCK TABLES `media` WRITE;
/*!40000 ALTER TABLE `media` DISABLE KEYS */;
INSERT INTO `media` VALUES (1,47,'https://dropbox.com/vk/consequatur.mpeg4',2027362,'{\"owner\":\"Antonetta Mitchell\"}',2,'2004-02-27 22:03:13','2021-02-13 13:47:52'),(2,4,'https://dropbox.com/vk/soluta.avi',8497070,'{\"owner\":\"Orpha Monahan\"}',3,'2004-12-28 16:37:57','2021-02-13 13:47:52'),(3,76,'https://dropbox.com/vk/magnam.mpeg4',6393264,'{\"owner\":\"Kaya Kessler\"}',3,'1990-03-16 07:51:46','2021-02-13 13:25:33'),(4,69,'https://dropbox.com/vk/dolorem.mpeg4',6465111,'{\"owner\":\"Kianna Frami\"}',2,'1970-04-16 02:08:43','2021-02-13 13:47:52'),(5,14,'https://dropbox.com/vk/ut.mpeg4',3135762,'{\"owner\":\"Gunnar Lowe\"}',2,'1972-08-09 02:06:02','2021-02-13 13:47:52'),(6,65,'https://dropbox.com/vk/suscipit.avi',188404432,'{\"owner\":\"Eliza Armstrong\"}',1,'2016-02-15 04:12:31','2021-02-13 13:47:52'),(7,84,'https://dropbox.com/vk/voluptatibus.mp3',6273478,'{\"owner\":\"Gracie Fisher\"}',2,'1998-02-09 18:17:45','2021-02-13 13:47:52'),(8,22,'https://dropbox.com/vk/atque.png',55541,'{\"owner\":\"Pearline Nitzsche\"}',3,'1975-10-26 02:07:47','2021-02-13 13:47:52'),(9,57,'https://dropbox.com/vk/consequatur.avi',22368,'{\"owner\":\"Arne Jacobs\"}',1,'1998-09-04 00:27:56','2021-02-13 13:47:52'),(10,19,'https://dropbox.com/vk/non.mp3',35820,'{\"owner\":\"Major Hamill\"}',3,'1996-06-13 04:14:27','2021-02-13 13:47:52'),(11,23,'https://dropbox.com/vk/cupiditate.mpeg4',97110,'{\"owner\":\"Gabe Ziemann\"}',3,'1989-12-20 17:31:23','2021-02-13 13:47:52'),(12,59,'https://dropbox.com/vk/quos.mpeg4',66102947,'{\"owner\":\"Nelson Moore\"}',3,'1988-01-30 04:47:18','2021-02-13 13:47:52'),(13,26,'https://dropbox.com/vk/molestiae.avi',38980,'{\"owner\":\"Guido Baumbach\"}',2,'1999-04-24 22:39:57','2021-02-13 13:47:52'),(14,51,'https://dropbox.com/vk/nisi.mp3',73928361,'{\"owner\":\"Evan Borer\"}',3,'1994-04-06 03:20:16','2021-02-13 13:47:52'),(15,77,'https://dropbox.com/vk/id.png',1950104,'{\"owner\":\"Annamae Reynolds\"}',2,'1986-10-29 07:41:03','2021-02-13 13:47:52'),(16,31,'https://dropbox.com/vk/quod.mpeg4',41757556,'{\"owner\":\"Agnes Green\"}',3,'1978-05-16 11:53:52','2021-02-13 13:47:52'),(17,22,'https://dropbox.com/vk/dolores.mpeg4',920087,'{\"owner\":\"Pearline Nitzsche\"}',1,'2012-09-09 10:48:13','2021-02-13 13:47:52'),(18,19,'https://dropbox.com/vk/et.avi',8740125,'{\"owner\":\"Major Hamill\"}',1,'1974-08-02 05:03:47','2021-02-13 13:47:52'),(19,27,'https://dropbox.com/vk/et.mp3',2290178,'{\"owner\":\"Ford Yost\"}',1,'2007-03-20 13:12:13','2021-02-13 13:47:52'),(20,76,'https://dropbox.com/vk/aliquam.mp3',930366,'{\"owner\":\"Kaya Kessler\"}',3,'2007-01-08 12:41:01','2021-02-13 13:47:52'),(21,99,'https://dropbox.com/vk/perspiciatis.mpeg4',817600,'{\"owner\":\"Jedediah Franecki\"}',1,'2018-12-09 09:39:47','2021-02-13 13:47:52'),(22,69,'https://dropbox.com/vk/et.avi',99187,'{\"owner\":\"Kianna Frami\"}',1,'2002-06-13 19:35:18','2021-02-13 13:47:52'),(23,46,'https://dropbox.com/vk/sit.avi',8421456,'{\"owner\":\"Antonio Leannon\"}',1,'1972-12-25 00:14:05','2021-02-13 13:47:52'),(24,23,'https://dropbox.com/vk/fugiat.mpeg4',682815433,'{\"owner\":\"Gabe Ziemann\"}',1,'1976-04-02 10:50:16','2021-02-13 13:47:52'),(25,7,'https://dropbox.com/vk/et.png',962089572,'{\"owner\":\"Drew Hyatt\"}',3,'1990-06-20 05:39:48','2021-02-20 19:01:34'),(26,8,'https://dropbox.com/vk/et.avi',9306184,'{\"owner\":\"Rusty DuBuque\"}',1,'2010-12-25 00:59:56','2021-02-13 13:47:52'),(27,13,'https://dropbox.com/vk/error.avi',664388,'{\"owner\":\"Toney Goodwin\"}',2,'2009-08-03 00:42:15','2021-02-13 13:47:52'),(28,39,'https://dropbox.com/vk/perspiciatis.png',463698089,'{\"owner\":\"Tristian McKenzie\"}',2,'1972-06-20 09:44:47','2021-02-13 13:47:52'),(29,57,'https://dropbox.com/vk/error.mpeg4',1256550,'{\"owner\":\"Arne Jacobs\"}',3,'1989-11-11 23:01:13','2021-02-13 13:47:52'),(30,69,'https://dropbox.com/vk/molestias.avi',3578401,'{\"owner\":\"Kianna Frami\"}',3,'2013-08-06 12:34:09','2021-02-13 13:47:52'),(31,73,'https://dropbox.com/vk/consequuntur.avi',8354199,'{\"owner\":\"Rosemarie Schiller\"}',1,'1993-04-20 07:52:14','2021-02-13 13:47:52'),(32,59,'https://dropbox.com/vk/consequatur.avi',7991346,'{\"owner\":\"Nelson Moore\"}',1,'1994-03-17 16:19:02','2021-02-13 13:47:52'),(33,74,'https://dropbox.com/vk/saepe.png',325448,'{\"owner\":\"Nick Gleason\"}',3,'2015-07-26 10:25:55','2021-02-13 13:47:52'),(34,7,'https://dropbox.com/vk/itaque.mp3',4884136,'{\"owner\":\"Ben Grady\"}',3,'1971-07-23 03:58:24','2021-02-20 19:01:34'),(35,45,'https://dropbox.com/vk/iste.png',948415134,'{\"owner\":\"Taurean Boehm\"}',1,'2008-12-26 09:38:43','2021-02-13 13:47:52'),(36,45,'https://dropbox.com/vk/ea.mp3',436641,'{\"owner\":\"Taurean Boehm\"}',2,'1990-12-19 08:44:34','2021-02-13 13:47:52'),(37,89,'https://dropbox.com/vk/et.mpeg4',7520798,'{\"owner\":\"Laila O\'Reilly\"}',2,'1972-01-29 20:26:35','2021-02-13 13:47:52'),(38,10,'https://dropbox.com/vk/et.avi',1622011,'{\"owner\":\"Kirsten Dibbert\"}',3,'2014-07-26 05:16:06','2021-02-13 13:47:52'),(39,80,'https://dropbox.com/vk/quasi.avi',7107218,'{\"owner\":\"Durward Hessel\"}',2,'1999-08-30 20:31:11','2021-02-13 13:47:52'),(40,73,'https://dropbox.com/vk/aut.avi',28734,'{\"owner\":\"Rosemarie Schiller\"}',3,'1990-07-06 15:17:13','2021-02-13 13:47:52'),(41,21,'https://dropbox.com/vk/suscipit.avi',58751691,'{\"owner\":\"Gretchen Treutel\"}',1,'1995-11-21 00:11:05','2021-02-13 13:47:52'),(42,86,'https://dropbox.com/vk/exercitationem.mp3',25484268,'{\"owner\":\"Bonita Legros\"}',2,'1986-09-24 01:53:40','2021-02-13 13:47:52'),(43,69,'https://dropbox.com/vk/esse.png',6284066,'{\"owner\":\"Kianna Frami\"}',2,'2017-11-14 20:35:58','2021-02-13 13:47:52'),(44,83,'https://dropbox.com/vk/dolorem.avi',620683,'{\"owner\":\"Jaylan Bailey\"}',1,'1999-10-12 02:06:54','2021-02-13 13:47:52'),(45,10,'https://dropbox.com/vk/officia.mpeg4',316085636,'{\"owner\":\"Kirsten Dibbert\"}',2,'2015-03-31 15:02:32','2021-02-13 13:47:52'),(46,1,'https://dropbox.com/vk/inventore.mpeg4',8847938,'{\"owner\":\"Ken Mills\"}',1,'1995-06-05 23:54:20','2021-02-13 13:47:52'),(47,72,'https://dropbox.com/vk/qui.avi',203450,'{\"owner\":\"Jocelyn Conroy\"}',1,'1994-12-19 20:00:01','2021-02-13 13:47:52'),(48,57,'https://dropbox.com/vk/ullam.mpeg4',5377492,'{\"owner\":\"Arne Jacobs\"}',1,'1993-12-21 05:36:33','2021-02-13 13:47:52'),(49,70,'https://dropbox.com/vk/aperiam.avi',39631432,'{\"owner\":\"Aniya Abbott\"}',1,'2016-11-03 07:31:21','2021-02-13 13:47:52'),(50,77,'https://dropbox.com/vk/voluptas.png',907385900,'{\"owner\":\"Annamae Reynolds\"}',3,'1998-08-08 19:53:33','2021-02-13 13:47:52'),(51,74,'https://dropbox.com/vk/cupiditate.mp3',333646,'{\"owner\":\"Nick Gleason\"}',2,'2020-06-08 04:13:48','2021-02-13 13:47:52'),(52,40,'https://dropbox.com/vk/eligendi.png',648917,'{\"owner\":\"Lily Howell\"}',3,'2011-11-21 04:32:28','2021-02-13 13:47:52'),(53,78,'https://dropbox.com/vk/iusto.mp3',6416380,'{\"owner\":\"Melyna Leffler\"}',2,'2003-10-21 12:08:54','2021-02-13 13:47:52'),(54,67,'https://dropbox.com/vk/unde.avi',5525756,'{\"owner\":\"Maynard Cassin\"}',1,'2020-07-10 20:05:23','2021-02-13 13:47:52'),(55,100,'https://dropbox.com/vk/et.avi',6126581,'{\"owner\":\"Alvina Daniel\"}',1,'2020-03-06 00:58:40','2021-02-13 13:47:52'),(56,1,'https://dropbox.com/vk/necessitatibus.avi',6617841,'{\"owner\":\"Ken Mills\"}',1,'1990-03-24 09:40:44','2021-02-13 13:47:52'),(57,2,'https://dropbox.com/vk/asperiores.mp3',6501941,'{\"owner\":\"Gussie Lowe\"}',2,'2006-02-08 01:53:51','2021-02-13 13:47:52'),(58,7,'https://dropbox.com/vk/fugit.avi',43605547,'{\"owner\":\"Elva O\'Reilly\"}',2,'1988-01-30 01:20:58','2021-02-13 13:47:52'),(59,31,'https://dropbox.com/vk/nemo.mpeg4',5787069,'{\"owner\":\"Agnes Green\"}',1,'1989-10-09 05:28:42','2021-02-13 13:47:52'),(60,32,'https://dropbox.com/vk/commodi.avi',80799,'{\"owner\":\"Mackenzie Yost\"}',1,'1995-03-08 20:53:56','2021-02-13 13:47:52'),(61,66,'https://dropbox.com/vk/itaque.avi',2646181,'{\"owner\":\"August Torp\"}',1,'1984-01-10 15:19:42','2021-02-13 13:47:52'),(62,35,'https://dropbox.com/vk/tempora.mp3',3715081,'{\"owner\":\"Alyce Erdman\"}',2,'1996-11-05 18:36:07','2021-02-13 13:47:52'),(63,75,'https://dropbox.com/vk/sed.mp3',626866,'{\"owner\":\"Drew Hyatt\"}',2,'2013-04-10 17:48:31','2021-02-13 13:47:52'),(64,68,'https://dropbox.com/vk/quisquam.mp3',7007425,'{\"owner\":\"Federico Armstrong\"}',2,'2010-10-02 22:02:15','2021-02-13 13:47:52'),(65,17,'https://dropbox.com/vk/eveniet.mp3',24416,'{\"owner\":\"Toby Shanahan\"}',2,'2019-09-13 17:44:29','2021-02-13 13:47:52'),(66,81,'https://dropbox.com/vk/delectus.mp3',509785,'{\"owner\":\"Ericka Kassulke\"}',2,'1987-07-10 06:37:27','2021-02-13 13:47:52'),(67,51,'https://dropbox.com/vk/beatae.mpeg4',243439,'{\"owner\":\"Evan Borer\"}',3,'1985-01-15 08:25:12','2021-02-13 13:47:52'),(68,7,'https://dropbox.com/vk/quia.mp3',917621,'{\"owner\":\"Toney Goodwin\"}',1,'2014-12-28 17:50:14','2021-02-20 19:01:34'),(69,10,'https://dropbox.com/vk/aut.mp3',601346201,'{\"owner\":\"Kirsten Dibbert\"}',3,'2016-12-26 05:25:28','2021-02-13 13:47:52'),(70,10,'https://dropbox.com/vk/tenetur.mpeg4',1979088,'{\"owner\":\"Kirsten Dibbert\"}',3,'1989-02-25 07:55:52','2021-02-13 13:47:52'),(71,23,'https://dropbox.com/vk/voluptas.avi',8004842,'{\"owner\":\"Gabe Ziemann\"}',2,'1986-12-20 06:38:36','2021-02-13 13:47:52'),(72,81,'https://dropbox.com/vk/beatae.mpeg4',4076946,'{\"owner\":\"Ericka Kassulke\"}',3,'1998-07-22 06:34:54','2021-02-13 13:47:52'),(73,36,'https://dropbox.com/vk/vitae.mpeg4',642467,'{\"owner\":\"Nat Crist\"}',1,'2014-09-26 02:20:55','2021-02-13 13:47:52'),(74,35,'https://dropbox.com/vk/repellat.mpeg4',93370193,'{\"owner\":\"Alyce Erdman\"}',3,'1977-03-19 07:53:27','2021-02-13 13:47:52'),(75,68,'https://dropbox.com/vk/et.png',6360205,'{\"owner\":\"Federico Armstrong\"}',3,'1985-06-24 00:26:38','2021-02-13 13:47:52'),(76,36,'https://dropbox.com/vk/dolores.avi',9560186,'{\"owner\":\"Nat Crist\"}',1,'1987-11-22 23:27:45','2021-02-13 13:47:52'),(77,74,'https://dropbox.com/vk/fugiat.avi',8710319,'{\"owner\":\"Nick Gleason\"}',1,'1973-03-23 14:27:27','2021-02-13 13:47:52'),(78,63,'https://dropbox.com/vk/aut.avi',4861035,'{\"owner\":\"Yazmin Cremin\"}',1,'2016-02-27 04:04:41','2021-02-13 13:47:52'),(79,94,'https://dropbox.com/vk/ea.png',329290963,'{\"owner\":\"Ben Grady\"}',1,'2013-06-20 15:27:49','2021-02-13 13:47:52'),(80,77,'https://dropbox.com/vk/ipsum.png',8164219,'{\"owner\":\"Annamae Reynolds\"}',3,'1977-07-05 01:54:59','2021-02-13 13:47:52'),(81,3,'https://dropbox.com/vk/et.mpeg4',6227992,'{\"owner\":\"Prince Grant\"}',3,'1986-04-19 09:59:02','2021-02-13 13:47:52'),(82,86,'https://dropbox.com/vk/dolorem.avi',25389,'{\"owner\":\"Bonita Legros\"}',1,'1992-10-28 16:09:18','2021-02-13 13:47:52'),(83,17,'https://dropbox.com/vk/debitis.mp3',7811052,'{\"owner\":\"Toby Shanahan\"}',3,'1978-02-23 03:22:55','2021-02-13 13:47:52'),(84,30,'https://dropbox.com/vk/sapiente.avi',47072593,'{\"owner\":\"Hoyt Bergnaum\"}',2,'1971-01-23 00:03:39','2021-02-13 13:47:52'),(85,95,'https://dropbox.com/vk/quis.mp3',6637304,'{\"owner\":\"Shannon Denesik\"}',2,'2007-01-12 15:30:12','2021-02-13 13:47:52'),(86,86,'https://dropbox.com/vk/quia.mpeg4',689106,'{\"owner\":\"Bonita Legros\"}',1,'2005-03-14 10:26:32','2021-02-13 13:47:52'),(87,46,'https://dropbox.com/vk/corrupti.png',62128259,'{\"owner\":\"Antonio Leannon\"}',2,'1997-02-14 23:51:21','2021-02-13 13:47:52'),(88,71,'https://dropbox.com/vk/dicta.avi',551729,'{\"owner\":\"Mona Cremin\"}',3,'1994-06-06 04:12:17','2021-02-13 13:47:52'),(89,17,'https://dropbox.com/vk/voluptatibus.avi',369579910,'{\"owner\":\"Toby Shanahan\"}',1,'2014-10-22 20:30:53','2021-02-13 13:47:52'),(90,70,'https://dropbox.com/vk/aut.mp3',4492545,'{\"owner\":\"Aniya Abbott\"}',2,'2014-05-04 13:27:20','2021-02-13 13:47:52'),(91,100,'https://dropbox.com/vk/commodi.mpeg4',1798002,'{\"owner\":\"Alvina Daniel\"}',3,'2011-01-19 18:50:08','2021-02-13 13:47:52'),(92,90,'https://dropbox.com/vk/voluptas.mpeg4',5949267,'{\"owner\":\"Kavon Hintz\"}',3,'2016-02-08 21:29:14','2021-02-13 13:47:52'),(93,47,'https://dropbox.com/vk/qui.avi',2540812,'{\"owner\":\"Antonetta Mitchell\"}',3,'2019-05-12 05:55:13','2021-02-13 13:47:52'),(94,66,'https://dropbox.com/vk/numquam.mpeg4',9216425,'{\"owner\":\"August Torp\"}',3,'1984-02-22 08:27:28','2021-02-13 13:47:52'),(95,89,'https://dropbox.com/vk/et.mpeg4',8449690,'{\"owner\":\"Laila O\'Reilly\"}',3,'2007-09-04 06:43:34','2021-02-13 13:47:52'),(96,46,'https://dropbox.com/vk/et.mp3',716590,'{\"owner\":\"Antonio Leannon\"}',2,'2005-10-15 13:44:12','2021-02-13 13:47:52'),(97,63,'https://dropbox.com/vk/sit.avi',4589178,'{\"owner\":\"Yazmin Cremin\"}',1,'1972-02-23 05:00:37','2021-02-13 13:47:52'),(98,76,'https://dropbox.com/vk/est.png',4371529,'{\"owner\":\"Kaya Kessler\"}',2,'2000-11-25 08:39:23','2021-02-13 13:47:52'),(99,92,'https://dropbox.com/vk/ut.mpeg4',265063,'{\"owner\":\"Flavie Kihn\"}',1,'2011-11-23 20:43:55','2021-02-13 13:47:52'),(100,33,'https://dropbox.com/vk/repellat.mp3',7586822,'{\"owner\":\"Coralie Monahan\"}',2,'2010-10-19 01:26:12','2021-02-13 13:47:52');
/*!40000 ALTER TABLE `media` ENABLE KEYS */;
UNLOCK TABLES;

--
-- Table structure for table `media_types`
--

DROP TABLE IF EXISTS `media_types`;
/*!40101 SET @saved_cs_client     = @@character_set_client */;
/*!50503 SET character_set_client = utf8mb4 */;
CREATE TABLE `media_types` (
  `id` int unsigned NOT NULL AUTO_INCREMENT COMMENT '╨Ш╨┤╨╡╨╜╤В╨╕╤Д╨╕╨║╨░╤В╨╛╤А ╤Б╤В╤А╨╛╨║╨╕',
  `name` varchar(255) CHARACTER SET utf8mb4 COLLATE utf8mb4_unicode_ci NOT NULL COMMENT '╨Э╨░╨╖╨▓╨░╨╜╨╕╨╡ ╤В╨╕╨┐╨░',
  `created_at` datetime DEFAULT CURRENT_TIMESTAMP COMMENT '╨Т╤А╨╡╨╝╤П ╤Б╨╛╨╖╨┤╨░╨╜╨╕╤П ╤Б╤В╤А╨╛╨║╨╕',
  `updated_at` datetime DEFAULT CURRENT_TIMESTAMP ON UPDATE CURRENT_TIMESTAMP COMMENT '╨Т╤А╨╡╨╝╤П ╨╛╨▒╨╜╨╛╨▓╨╗╨╡╨╜╨╕╤П ╤Б╤В╤А╨╛╨║╨╕',
  PRIMARY KEY (`id`),
  UNIQUE KEY `name` (`name`)
) ENGINE=InnoDB AUTO_INCREMENT=4 DEFAULT CHARSET=utf8mb4 COLLATE=utf8mb4_unicode_ci COMMENT='╨в╨╕╨┐╤Л ╨╝╨╡╨┤╨╕╨░╤Д╨░╨╣╨╗╨╛╨▓';
/*!40101 SET character_set_client = @saved_cs_client */;

--
-- Dumping data for table `media_types`
--

LOCK TABLES `media_types` WRITE;
/*!40000 ALTER TABLE `media_types` DISABLE KEYS */;
INSERT INTO `media_types` VALUES (1,'audio','2021-02-13 13:40:46','2021-02-13 13:40:46'),(2,'video','2021-02-13 13:40:46','2021-02-13 13:40:46'),(3,'image','2021-02-13 13:40:46','2021-02-13 13:40:46');
/*!40000 ALTER TABLE `media_types` ENABLE KEYS */;
UNLOCK TABLES;

--
-- Table structure for table `messages`
--

DROP TABLE IF EXISTS `messages`;
/*!40101 SET @saved_cs_client     = @@character_set_client */;
/*!50503 SET character_set_client = utf8mb4 */;
CREATE TABLE `messages` (
  `id` int unsigned NOT NULL AUTO_INCREMENT COMMENT '╨Ш╨┤╨╡╨╜╤В╨╕╤Д╨╕╨║╨░╤В╨╛╤А ╤Б╤В╤А╨╛╨║╨╕',
  `from_user_id` int unsigned NOT NULL COMMENT '╨б╤Б╤Л╨╗╨║╨░ ╨╜╨░ ╨╛╤В╨┐╤А╨░╨▓╨╕╤В╨╡╨╗╤П ╤Б╨╛╨╛╨▒╤Й╨╡╨╜╨╕╤П',
  `to_user_id` int unsigned NOT NULL COMMENT '╨б╤Б╤Л╨╗╨║╨░ ╨╜╨░ ╨┐╨╛╨╗╤Г╤З╨░╤В╨╡╨╗╤П ╤Б╨╛╨╛╨▒╤Й╨╡╨╜╨╕╤П',
  `body` text CHARACTER SET utf8mb4 COLLATE utf8mb4_unicode_ci NOT NULL COMMENT '╨в╨╡╨║╤Б╤В ╤Б╨╛╨╛╨▒╤Й╨╡╨╜╨╕╤П',
  `is_important` tinyint(1) DEFAULT NULL COMMENT '╨Я╤А╨╕╨╖╨╜╨░╨║ ╨▓╨░╨╢╨╜╨╛╤Б╤В╨╕',
  `is_delivered` tinyint(1) DEFAULT NULL COMMENT '╨Я╤А╨╕╨╖╨╜╨░╨║ ╨┤╨╛╤Б╤В╨░╨▓╨║╨╕',
  `created_at` datetime DEFAULT CURRENT_TIMESTAMP COMMENT '╨Т╤А╨╡╨╝╤П ╤Б╨╛╨╖╨┤╨░╨╜╨╕╤П ╤Б╤В╤А╨╛╨║╨╕',
  PRIMARY KEY (`id`),
  KEY `messages_from_user_id_fk` (`from_user_id`),
  KEY `messages_to_user_id_fk` (`to_user_id`),
  CONSTRAINT `messages_from_user_id_fk` FOREIGN KEY (`from_user_id`) REFERENCES `users` (`id`),
  CONSTRAINT `messages_to_user_id_fk` FOREIGN KEY (`to_user_id`) REFERENCES `users` (`id`)
) ENGINE=InnoDB AUTO_INCREMENT=101 DEFAULT CHARSET=utf8mb4 COLLATE=utf8mb4_unicode_ci COMMENT='╨б╨╛╨╛╨▒╤Й╨╡╨╜╨╕╤П';
/*!40101 SET character_set_client = @saved_cs_client */;

--
-- Dumping data for table `messages`
--

LOCK TABLES `messages` WRITE;
/*!40000 ALTER TABLE `messages` DISABLE KEYS */;
INSERT INTO `messages` VALUES (1,42,92,'Voluptatem odio ut quas quo maiores minima. Omnis possimus iure nostrum dolorem velit. Modi accusamus omnis et laudantium. Qui debitis quis magni id quas.',1,1,'2017-12-26 04:58:18'),(2,35,97,'Culpa sint debitis blanditiis et amet. Et voluptatem voluptatem sunt aut placeat quia non. Ut in eaque est pariatur vitae.',1,1,'2017-10-29 04:40:05'),(3,81,14,'Rerum voluptatum rem et cum ea est vel. Vel nam hic quis et eum occaecati.',1,0,'2014-06-15 22:40:44'),(4,25,85,'Dolores qui cumque ex fugit suscipit. Facilis doloribus in excepturi est in dolor et. Ad non omnis quo dolorem.',1,0,'2013-04-07 20:12:19'),(5,46,77,'Consectetur vitae corporis quia molestiae fugit. A laboriosam esse sit ex ut. Pariatur dolore aliquam qui dolores aut natus.',0,1,'2011-05-18 16:47:14'),(6,47,1,'Sed consectetur asperiores dicta corrupti. Vitae ea voluptas laboriosam nobis nesciunt maxime fugit. Rerum ipsa pariatur quia.',1,0,'2011-12-19 05:17:51'),(7,64,19,'Ut repudiandae voluptates est voluptate. Consequuntur molestiae perspiciatis at aspernatur similique repellat architecto. Laboriosam sint non nobis quia officiis.',1,0,'2018-09-09 15:15:34'),(8,99,40,'Et fugit ea repellat et pariatur voluptatem. Officiis accusamus et modi similique velit harum. Dignissimos aut qui atque dolorem dicta aut corporis.',0,1,'2016-03-28 08:24:57'),(9,2,90,'Repellendus exercitationem cupiditate soluta nesciunt illum laboriosam. Numquam perspiciatis sed nesciunt ea quaerat quos mollitia. Voluptas sequi quis maiores a error consequatur.',0,0,'2018-02-27 19:21:40'),(10,43,45,'Officia quibusdam ipsa temporibus. Quos fugit blanditiis id esse ab asperiores magnam. Quo dolor qui atque quisquam.',1,0,'2016-02-02 02:47:56'),(11,93,33,'Aut magnam sit qui hic culpa. Quia ea minima asperiores harum. Aliquid dolor voluptas et voluptas voluptas cum.',0,1,'2014-07-09 03:46:41'),(12,85,24,'Perferendis quo sint autem ea et qui. Nihil rerum eos non odit et. Amet sint quidem et iusto commodi.',0,0,'2020-03-18 20:12:55'),(13,63,44,'Iste porro in tempora laudantium voluptate commodi aut. Non sapiente et voluptatem sequi alias et ullam. Voluptate nobis dolorem explicabo et cupiditate pariatur pariatur. Voluptatem quis omnis sit est dolor at et.',0,0,'2012-09-09 11:41:24'),(14,31,23,'Facilis explicabo aspernatur sunt ipsa perferendis nihil aperiam. Quae provident quas doloribus libero facilis. Suscipit illo aut veniam et exercitationem aperiam aut quaerat. Quidem fugit ullam minus asperiores tenetur eaque.',0,1,'2021-02-04 00:09:46'),(15,21,34,'Illum consequatur alias quos et facere quia dolore. Illo perferendis expedita ut eos sapiente voluptate iusto. Dolores atque earum soluta.',1,0,'2016-05-23 08:26:02'),(16,8,36,'Corrupti corporis cumque illum harum quo architecto eum et. Assumenda nihil sed repellendus. Quae repellat voluptatem ea occaecati soluta. Minima facilis sequi in nostrum expedita.',1,1,'2012-04-08 00:12:12'),(17,58,79,'Asperiores pariatur suscipit est nihil. Quo dolorum et velit perspiciatis aliquid. Magnam est quas dolores id dignissimos corporis.',0,0,'2020-07-28 16:35:25'),(18,21,70,'Sint provident quo magni aut temporibus dignissimos molestias. Saepe nemo vel quod tenetur iste ea. Assumenda repellat dolorem non consequatur. Vel nostrum odit corporis dolore in dolor dolor.',1,1,'2019-06-20 05:46:05'),(19,84,10,'Cum laudantium blanditiis amet libero aspernatur aut laboriosam sapiente. Impedit assumenda nihil esse et et in expedita. A voluptas adipisci provident quidem. Eveniet vel quis id voluptatem nulla in nesciunt. Minima natus quidem facilis accusantium quasi facere vero.',1,1,'2020-11-05 16:03:05'),(20,99,63,'Sunt voluptas eos sed. Fugit aut sit est optio qui odit. Aliquam qui excepturi fuga magni sed. Totam ea aut est sed architecto quia doloribus tempora.',0,1,'2013-04-02 04:10:51'),(21,17,97,'Voluptates quas in et sint pariatur repellendus. Temporibus aut est iusto et voluptate unde. Rerum laudantium eum optio qui dicta mollitia.',1,1,'2019-07-22 20:30:27'),(22,33,71,'Magnam ratione illo minima animi. Molestiae cumque est hic ipsam iure. Deleniti nihil in consequuntur sit aut est. Soluta repellat adipisci consectetur quia eos.',0,0,'2020-09-25 15:42:48'),(23,58,78,'Ut corporis aut rerum sed provident voluptatem perferendis ipsa. Nostrum quam maiores aperiam ratione dolores. Enim voluptatum quam magnam dolores nulla minima.',1,0,'2016-10-12 02:00:07'),(24,13,30,'Velit sit veniam vel dicta ullam repellat. Autem deleniti sunt quis voluptas explicabo dolor. Asperiores debitis a inventore maxime tempora vitae.',0,0,'2016-12-25 22:52:12'),(25,10,61,'Quae qui quod dolorum sequi excepturi molestias voluptate. Porro quia alias odit quae accusantium. Et numquam perspiciatis a ea nemo. Soluta ea aut animi eum dolorum iste.',0,0,'2015-02-23 09:48:04'),(26,76,95,'Cupiditate delectus qui vel amet. Qui deserunt assumenda consequatur enim vitae excepturi ex. Sunt quia eum occaecati veritatis.',1,0,'2019-05-28 07:59:59'),(27,45,41,'Sit aspernatur id saepe consequatur voluptatem ratione. Harum architecto laboriosam voluptas autem quia similique reiciendis. Tempore cumque harum molestias ducimus eveniet reprehenderit enim possimus.',0,1,'2011-03-02 03:50:02'),(28,70,25,'Eum veritatis odio deleniti. Sunt repellendus laudantium sint.',0,0,'2013-05-10 05:27:10'),(29,15,2,'Et excepturi reiciendis ipsa corrupti aperiam dolorum. Commodi enim illo et ut repellat. Repellendus quaerat dolores velit temporibus. Beatae dolore assumenda itaque recusandae atque.',1,1,'2011-05-08 02:13:48'),(30,62,3,'Hic consequatur nesciunt quos qui eos adipisci qui. Ut aliquid voluptatem consequatur voluptas soluta. Odio sed animi sequi excepturi et qui expedita. Numquam sit non pariatur ipsa eaque quis.',0,1,'2014-07-03 03:29:14'),(31,29,37,'Commodi perspiciatis veniam voluptas debitis asperiores et soluta. Autem eum quod nostrum molestiae. Ipsum eum consequuntur commodi eos laudantium. Accusamus cum soluta voluptatem atque voluptatem quis voluptatem. Error dolore esse voluptate porro alias omnis.',0,1,'2014-05-13 20:19:01'),(32,95,65,'Perspiciatis excepturi sit repellat. Veniam velit beatae repellat distinctio quas aspernatur. Perspiciatis sunt non et. Ipsum harum omnis reprehenderit voluptatem sed quia rerum velit.',1,0,'2013-05-27 15:12:53'),(33,40,4,'Ipsa non doloremque debitis quas laboriosam necessitatibus consequatur dolorum. Consequatur ut eos dolore doloribus. Ut dignissimos consequuntur cumque repellat quia necessitatibus molestiae vel.',1,0,'2013-07-08 18:34:46'),(34,1,92,'Asperiores nihil aut numquam vitae expedita ex. Sit voluptatum distinctio iusto quis provident. Labore mollitia quas minima omnis. Deserunt quaerat necessitatibus saepe nihil odit.',0,0,'2019-08-20 09:15:15'),(35,56,5,'Odio sint quia omnis ut illum optio dicta. Vel quas eum et saepe non.',0,0,'2017-01-12 22:45:25'),(36,56,63,'Magni et cupiditate dolor exercitationem aspernatur doloribus vel veniam. Ducimus neque ullam dolorem in. Optio et excepturi unde sint. Quisquam quo exercitationem dolore omnis.',1,0,'2012-08-18 19:00:02'),(37,49,52,'Alias voluptatem dolorem nihil omnis. Nesciunt voluptatibus et et mollitia qui quidem expedita. Beatae sunt aut fugit dicta.',1,0,'2018-05-13 17:05:51'),(38,15,18,'Quis quo explicabo id architecto culpa omnis nihil. Earum maxime blanditiis fuga qui laborum et. Nemo enim quidem laudantium quidem.',1,1,'2019-10-24 18:25:44'),(39,43,63,'Ut sit occaecati culpa aliquam exercitationem unde dolores. Culpa doloremque quis eveniet voluptas laboriosam in atque. Et ipsum voluptas ipsam.',0,1,'2020-01-13 02:31:10'),(40,84,31,'Excepturi qui qui voluptas aut libero debitis. Dolor vel corporis quia tempora provident dicta suscipit. Temporibus iusto rerum minus dolor vel eum.',1,0,'2019-09-15 21:49:41'),(41,3,19,'Veniam cumque quia id et et odio quibusdam. Beatae perferendis voluptatem dolore quas dignissimos tempora. Et repellat et vitae aut.',0,1,'2015-03-30 19:15:51'),(42,89,85,'Quos et molestiae in nulla sint aliquam illum. Amet est velit incidunt iste molestias est illo. Expedita non eum voluptas ut.',0,1,'2016-08-20 04:26:11'),(43,59,41,'Laboriosam eos magnam voluptas molestiae. Totam sit excepturi dicta veritatis in corrupti in et. In voluptatem necessitatibus est vel ut et quibusdam. A temporibus veniam quae facilis.',0,1,'2016-01-12 19:42:31'),(44,26,5,'Autem sed exercitationem nihil suscipit nemo rerum. Aperiam atque rerum tenetur reprehenderit error suscipit commodi. Voluptatem voluptatem est ut explicabo est.',0,1,'2015-05-11 14:21:02'),(45,48,25,'Tempore incidunt officia cupiditate. Quas est aperiam harum magnam ut. Nisi enim inventore qui autem corrupti molestias qui.',1,1,'2014-09-22 08:59:03'),(46,81,27,'Repudiandae qui qui consequuntur omnis officia quidem. Ut tempora necessitatibus et excepturi dolorem tenetur. Reiciendis ut perspiciatis aut totam ipsam repellat accusantium sequi. Officia voluptas et architecto asperiores rem repudiandae expedita.',1,0,'2016-05-22 20:26:27'),(47,92,80,'Autem officia officiis debitis qui veritatis. Libero ipsam quis eos aut ullam et. Et excepturi consequuntur ut vel rerum deleniti deserunt quas.',1,0,'2011-10-16 13:23:25'),(48,23,76,'Mollitia error doloremque animi eum. Eos et occaecati tempore debitis harum.',0,1,'2013-04-04 14:06:08'),(49,9,18,'Qui fugiat distinctio voluptatem velit perspiciatis sed eveniet et. Beatae aut sequi eveniet voluptas. Debitis dolorem vitae et ut voluptatibus. Aut quis ut minus non qui quia.',0,1,'2011-03-27 00:51:01'),(50,63,61,'Libero ut et et soluta sed libero corrupti. Blanditiis praesentium facere quod ipsum. Libero illum error iusto eligendi qui omnis ducimus. Eum illum expedita deleniti facilis mollitia voluptas.',1,0,'2020-03-29 02:13:52'),(51,14,85,'Sint a et excepturi earum ullam. Ab aut voluptatem dolor unde numquam et. Sed et qui non similique eos sint similique.',0,1,'2016-12-13 11:56:08'),(52,84,62,'Eos praesentium dolor voluptate quae enim consequatur. Sit fugiat architecto aut ipsum aut.',0,1,'2019-12-31 03:59:22'),(53,61,18,'Qui magni est asperiores id. In voluptatibus voluptas mollitia maxime consequatur.',1,0,'2011-11-25 00:40:20'),(54,6,75,'Quam earum beatae est veniam odit odio vitae. Sunt cumque ut et impedit sequi. Distinctio mollitia quas qui. Ut quos nesciunt dolorem sit autem eum asperiores.',0,1,'2012-10-04 11:19:45'),(55,58,64,'Autem quo eveniet provident et at. Necessitatibus tempora voluptatem autem recusandae. Consequuntur et iure non quia earum.',1,0,'2016-05-21 08:28:22'),(56,47,41,'Quia reprehenderit omnis nemo et nihil suscipit qui. Itaque officiis vel est molestiae aut omnis. Tenetur impedit impedit eos eveniet aut quia. Atque sequi voluptatibus omnis unde ut eligendi nostrum.',1,0,'2016-11-01 09:42:52'),(57,64,96,'Quisquam et nisi ut. Voluptate enim est dolorem assumenda. Adipisci id dolor aperiam. Voluptas aliquid magnam aut sint non ut.',1,0,'2012-11-26 18:15:02'),(58,88,49,'Est aut et nostrum ut non. Architecto error quia non. Omnis vitae corrupti nesciunt et quas vero numquam sit.',1,1,'2021-01-25 11:54:37'),(59,83,66,'Ad placeat ut voluptatibus est et ipsum consectetur. Ratione velit et molestiae esse et magni ea. Soluta quia laborum nemo odio est eos dolore.',0,1,'2017-05-24 00:16:19'),(60,80,1,'Omnis eveniet aspernatur facilis doloremque. Dolorem odio earum minus doloremque. Ad dolores hic aliquam provident. Quasi omnis consequatur magni cum ad fuga.',0,0,'2014-04-03 02:05:48'),(61,65,22,'Error cum quia debitis. Ut est et delectus sit quasi. Quam vel id sed quod eligendi nisi.',0,0,'2015-09-12 07:33:46'),(62,14,3,'Explicabo omnis nulla quis qui et. Voluptatum omnis mollitia recusandae. Fuga laboriosam soluta suscipit voluptas rerum aut excepturi mollitia.',1,0,'2011-11-14 03:24:46'),(63,74,60,'Dolorum animi earum nemo corporis quis ipsam non. Molestiae dignissimos perferendis quas vel.',0,1,'2020-10-08 03:34:00'),(64,75,98,'Et nostrum unde qui laudantium labore voluptatem. Sunt eos aut similique aut recusandae. Quae itaque rerum dolores dolor iste. Dolor cumque alias nulla omnis. Voluptate omnis reiciendis harum quod.',0,0,'2017-07-08 14:47:38'),(65,64,26,'Voluptatum nobis consequatur quas. Perferendis voluptatem quia tenetur voluptas ut amet aspernatur.',1,1,'2016-07-24 17:32:14'),(66,36,4,'Impedit iusto aliquid aut ipsum pariatur. Molestiae esse nemo soluta consequuntur enim. Voluptas commodi accusamus perspiciatis id.',1,1,'2017-08-30 17:30:33'),(67,10,37,'Ad quis libero ducimus error sed illum quibusdam. Praesentium reiciendis ut officiis ut praesentium inventore. Nam voluptas natus vel et harum.',1,1,'2018-12-31 02:14:33'),(68,54,57,'Accusamus et nesciunt aliquam dolore. Qui qui quos quas hic. Non non at corporis delectus excepturi eos quod. Aut in hic exercitationem tempora quis quia.',0,0,'2014-10-16 08:37:54'),(69,26,57,'Iste et ut nihil. Totam similique tempore voluptates labore vel sed. Nisi tenetur optio voluptas vel. Ipsum dolores libero non odit.',0,0,'2017-04-15 22:18:37'),(70,5,56,'Qui quis est quidem dolor. Eligendi voluptatum qui corrupti maiores eos. In quaerat voluptate id autem qui. Atque voluptatem eligendi provident ut.',0,1,'2015-07-23 23:05:57'),(71,64,50,'Cum expedita earum placeat cumque magnam repellendus sit. Maiores similique itaque vero optio sed. Molestias optio autem vel eveniet perferendis quam.',0,1,'2016-03-01 18:46:35'),(72,57,34,'Explicabo consequuntur enim eos reiciendis asperiores nisi illo. Beatae corrupti illo consequatur vel excepturi. Cupiditate omnis nesciunt dolor. Doloribus dolor ipsa sunt quis provident.',1,0,'2012-10-23 03:55:48'),(73,99,92,'Sed est at ab doloribus. Aliquam qui et est error qui beatae. Aliquam possimus quod commodi dolorem fuga nam. Facilis doloribus vitae molestiae.',1,0,'2011-02-14 07:05:45'),(74,62,35,'Placeat nesciunt aut eius voluptatem nihil. Distinctio occaecati et similique at ut non dolores illum. Corporis eaque dolores quae voluptas suscipit officiis deleniti. Nobis aliquid rerum consequatur consequatur.',0,0,'2012-07-21 17:07:18'),(75,89,40,'Praesentium blanditiis molestiae reiciendis. Reiciendis voluptate excepturi est. Velit et voluptatibus eum accusantium exercitationem tenetur.',0,1,'2013-08-19 19:40:42'),(76,33,45,'Dolore quia quo libero. Consequuntur magni aut et consectetur sint quae nihil. Nobis et enim consequatur molestiae sed sequi. Pariatur et non illum dolores. Est ut exercitationem eos suscipit et aut sed.',1,0,'2011-03-02 20:29:04'),(77,23,79,'Nesciunt magnam quis tempora minus ex. Id velit illo dolores eos iure. Ducimus ut blanditiis ipsum impedit nihil nulla et.',0,0,'2014-12-12 22:00:53'),(78,25,87,'Cumque voluptatem optio fugiat modi ea. Nostrum ex non et corporis et iusto modi. Quasi iure ut quidem blanditiis reprehenderit iure. Qui beatae corporis dolores recusandae aut.',1,0,'2013-09-05 02:49:52'),(79,59,34,'Possimus perferendis sit fugit et sunt eligendi. Hic nihil ea iste facilis. Esse sint fugit nisi tempore sunt in id. Ut necessitatibus delectus ratione sapiente adipisci quia. Natus nulla a veniam corrupti quas dignissimos dolorum quia.',0,1,'2019-09-24 23:47:20'),(80,91,54,'Nihil soluta in sit molestiae est impedit. Sit illum earum sed et aliquam quae. Et et tempora fuga libero. Repellat non quia nesciunt asperiores et.',1,0,'2013-06-19 01:34:57'),(81,95,13,'Dolorem et deserunt qui in. Pariatur et dolorum consequuntur. Est fugit quia labore est. Nobis minus cum ab omnis.',0,1,'2016-12-14 02:28:50'),(82,81,63,'Delectus ut incidunt autem esse voluptas id quidem. Qui odit facilis dolor laboriosam. Tenetur perspiciatis qui deleniti temporibus.',0,0,'2020-01-06 09:52:36'),(83,72,73,'Sint laboriosam repudiandae voluptatem unde est. Excepturi maiores eum voluptatum possimus consequatur quis. Velit culpa corporis fugit ipsum iste voluptas.',0,0,'2012-03-11 19:32:50'),(84,47,16,'Sunt laborum quis quis. Tenetur dolorum quibusdam autem maiores. Dolor perferendis ex est occaecati quo corrupti veniam. Quia optio tempora dicta sit eius voluptatem sed voluptas.',0,0,'2011-08-06 15:05:37'),(85,39,44,'Dolores facilis est facilis itaque molestiae. Consequatur quo inventore natus et minus. Aut ut esse enim deleniti enim ratione. Distinctio et voluptatem rerum quis fugiat.',1,1,'2017-08-15 22:17:57'),(86,4,89,'Vero et aut aut beatae et. Ducimus aspernatur nobis et.',1,1,'2016-11-15 17:59:36'),(87,33,96,'Voluptatibus sint quod culpa aut. At cumque eligendi ab magnam. Qui et voluptas dolorem quam possimus quos. Est ea qui aut sed et dolorum.',1,0,'2019-10-27 20:05:30'),(88,82,22,'Quo est ut inventore itaque repellat reprehenderit qui. Voluptate rerum tempore quae non deleniti voluptatibus. Enim sed quidem rerum quisquam suscipit dolores. Sed minima sunt ullam velit quo enim ipsum.',0,0,'2020-06-09 13:47:00'),(89,62,46,'Dicta expedita qui quo tenetur. Vero fugit ad voluptatibus quia rerum molestiae nobis.',0,0,'2015-02-09 00:12:26'),(90,42,71,'Qui molestiae rerum natus labore et. Quo sed repellat libero. Alias labore magni accusantium incidunt.',0,1,'2017-03-13 03:39:30'),(91,30,34,'Aut enim sit esse qui cumque. Vel dolores quae velit ut sapiente. Voluptatem ad natus numquam et est. Ut ea rem explicabo quia et eius itaque aut. Animi commodi ullam ex labore explicabo dolor tenetur.',1,0,'2016-12-12 12:25:20'),(92,80,96,'Qui ex cum ut debitis adipisci. Omnis asperiores eos debitis magnam corporis minus nulla. Sapiente dolorem amet saepe saepe aut sed ut.',0,0,'2015-09-18 21:08:19'),(93,42,20,'Quo qui atque vel. In non aut molestiae placeat non numquam. Dolor nemo et illum sed minima vel animi dolor.',0,1,'2015-10-10 16:14:03'),(94,75,13,'Facilis repudiandae omnis aliquid. Autem qui qui nemo sed eum. Eaque porro nemo hic. Magni libero ipsum fugit fugit sint.',1,1,'2012-12-25 17:57:37'),(95,39,54,'Voluptatem iure aliquam corrupti consequatur dolor et. Quae quaerat odit modi aut sed iure quam. Quaerat enim fugiat aliquid rerum.',0,0,'2020-03-20 15:30:02'),(96,55,14,'Omnis provident illum dolorem corporis cumque consequuntur culpa. Sunt sit sint sit magni harum. Earum quisquam quia temporibus rerum dolorum aspernatur aut quam.',1,1,'2018-10-20 19:46:17'),(97,2,69,'Soluta omnis eveniet sint dolorum cupiditate ipsa. Sunt dolores sint ut voluptas similique dicta. Provident asperiores atque reprehenderit optio consequatur. Eaque hic et neque est.',1,0,'2019-02-03 12:53:43'),(98,36,75,'Odio ab vel molestiae libero. Reiciendis expedita optio adipisci explicabo nisi soluta. Soluta et nulla consequatur voluptatem repudiandae architecto repudiandae. Sunt dolorem ab voluptatum molestiae vero ullam impedit.',1,0,'2013-02-11 17:31:21'),(99,65,99,'Labore ea sed beatae quibusdam. Excepturi autem rerum id labore iste cupiditate voluptas. Sit ut necessitatibus minima.',1,0,'2014-11-13 23:27:55'),(100,2,11,'Quas ut consectetur id dolorem provident distinctio veniam. Tempore voluptatem eos qui ut laudantium. Unde maiores dicta velit ducimus.',1,1,'2017-10-25 10:23:14');
/*!40000 ALTER TABLE `messages` ENABLE KEYS */;
UNLOCK TABLES;

--
-- Table structure for table `posts`
--

DROP TABLE IF EXISTS `posts`;
/*!40101 SET @saved_cs_client     = @@character_set_client */;
/*!50503 SET character_set_client = utf8mb4 */;
CREATE TABLE `posts` (
  `id` int unsigned NOT NULL AUTO_INCREMENT,
  `user_id` int unsigned NOT NULL,
  `community_id` int unsigned DEFAULT NULL,
  `head` varchar(255) CHARACTER SET utf8mb4 COLLATE utf8mb4_unicode_ci DEFAULT NULL,
  `body` text CHARACTER SET utf8mb4 COLLATE utf8mb4_unicode_ci NOT NULL,
  `media_id` int unsigned DEFAULT NULL,
  `is_public` tinyint(1) DEFAULT '1',
  `is_archived` tinyint(1) DEFAULT '0',
  `created_at` datetime DEFAULT CURRENT_TIMESTAMP,
  `updated_at` datetime DEFAULT CURRENT_TIMESTAMP ON UPDATE CURRENT_TIMESTAMP,
  PRIMARY KEY (`id`),
  KEY `posts_user_id_fk` (`user_id`),
  KEY `posts_community_id_fk` (`community_id`),
  KEY `posts_media_id_fk` (`media_id`),
  CONSTRAINT `posts_community_id_fk` FOREIGN KEY (`community_id`) REFERENCES `communities` (`id`) ON DELETE CASCADE,
  CONSTRAINT `posts_media_id_fk` FOREIGN KEY (`media_id`) REFERENCES `media` (`id`) ON DELETE CASCADE,
  CONSTRAINT `posts_user_id_fk` FOREIGN KEY (`user_id`) REFERENCES `users` (`id`) ON DELETE CASCADE
) ENGINE=InnoDB AUTO_INCREMENT=101 DEFAULT CHARSET=utf8mb4 COLLATE=utf8mb4_unicode_ci;
/*!40101 SET character_set_client = @saved_cs_client */;

--
-- Dumping data for table `posts`
--

LOCK TABLES `posts` WRITE;
/*!40000 ALTER TABLE `posts` DISABLE KEYS */;
INSERT INTO `posts` VALUES (1,92,1,'quaerat','Accusantium atque rerum voluptatem voluptatibus beatae impedit. Sunt et possimus dolorum nesciunt voluptatem non. Ea nihil odit est ut voluptatem. Aperiam dolores ratione sit non recusandae ullam voluptas.',40,0,1,'2012-10-01 17:03:57','2020-04-05 14:51:13'),(2,60,10,'ut','Et nulla rerum dolorem et vitae possimus tenetur hic. Quis voluptas recusandae eos ex assumenda rerum. Est in dolores ex beatae tempore est non. Perferendis tenetur incidunt esse quam.',32,1,1,'2016-01-17 14:41:53','2016-12-06 13:20:18'),(3,77,17,'similique','Explicabo sit debitis iste deleniti laborum. Doloribus est culpa repellendus omnis praesentium. Assumenda earum quaerat perferendis dignissimos tenetur mollitia.',53,0,0,'2017-08-27 23:42:55','2017-09-28 05:08:54'),(4,97,17,'et','Numquam illum harum omnis ut neque atque rerum. Tenetur enim nemo tempora quia sit in aliquid. Tenetur possimus qui nisi amet temporibus atque. Officia nostrum rerum nisi.',93,1,0,'2020-05-07 15:11:50','2016-01-08 06:49:16'),(5,91,13,'commodi','Iusto soluta esse similique magni harum nam. Aut ipsum non earum incidunt. Ea tempora vero quidem debitis deserunt dolorem quasi.',13,1,1,'2018-08-13 15:01:53','2012-02-08 16:44:16'),(6,4,9,'repudiandae','Maiores quidem voluptate sit iure perferendis a recusandae. Nihil dolore repellat adipisci iure dolores saepe et exercitationem. Occaecati odio quis dolorem officia quia.',14,1,1,'2019-06-12 18:58:00','2016-04-26 14:13:57'),(7,17,18,'adipisci','Voluptas maiores modi ipsam iste consequatur. Laudantium quam tempora et et. Quae odit quidem numquam enim non dolorem. Quibusdam similique blanditiis pariatur ea.',100,0,0,'2017-03-28 15:59:58','2017-07-14 09:48:19'),(8,51,20,'vitae','Asperiores soluta non earum eum dolores. Maxime totam quo ratione aut et accusamus. Quo esse ullam aliquid et quis voluptatum unde quia. Sint et fugiat dolor et architecto.',8,0,1,'2017-01-17 23:40:02','2020-04-28 18:39:03'),(9,55,20,'et','Sint non deleniti veritatis. Vero dolore tempora est voluptates voluptas suscipit et sint. Consequatur eum aspernatur ipsa amet. Accusamus quia rerum similique deserunt.',27,1,1,'2017-08-15 11:18:42','2016-12-15 15:26:39'),(10,40,15,'sed','Facilis aliquam optio perferendis rerum culpa eveniet aut. Id ullam eaque consequatur nihil excepturi ut labore dolorem. Amet dolorem voluptas quos totam.',80,0,0,'2018-06-05 09:04:26','2012-07-31 12:57:53'),(11,89,17,'rerum','Consequuntur enim ea quaerat harum voluptatum unde. Rerum dolorem aliquam maiores nobis soluta. Quam ut rerum aut blanditiis et. Vero qui ut est optio.',44,0,1,'2012-01-10 14:34:23','2018-11-29 15:02:10'),(12,16,14,'quia','Doloremque quis adipisci est omnis. Soluta autem libero omnis dolores ullam. Sunt qui reprehenderit vitae nesciunt debitis et. Sed veritatis repellendus voluptatem.',88,0,0,'2016-07-25 11:48:02','2014-09-20 00:54:55'),(13,77,9,'qui','Omnis in sunt voluptatem voluptatum. Neque voluptatem quae cupiditate dignissimos. Totam iste enim aut doloribus aperiam labore. Ut et aperiam similique animi.',9,0,1,'2011-12-16 10:33:20','2014-06-04 03:55:38'),(14,47,18,'vero','Maiores quis occaecati cupiditate consequatur deleniti dolores. Voluptatibus id labore aut. Expedita ea autem unde ab nihil et laboriosam.',90,1,1,'2014-01-24 06:39:11','2014-04-22 13:05:27'),(15,6,6,'mollitia','Magnam sed magnam perspiciatis omnis. Similique adipisci numquam laudantium non et. Voluptatibus commodi occaecati voluptas libero necessitatibus tempore.',96,0,0,'2017-07-01 06:34:21','2012-09-24 09:01:12'),(16,39,20,'cum','Vitae numquam consequatur sunt delectus in. At voluptatem sit doloribus repudiandae earum. Possimus dolores at in omnis.',77,0,1,'2016-02-17 13:39:17','2011-09-09 09:19:38'),(17,25,14,'consectetur','Deserunt alias eum est quis consequuntur. Quasi occaecati id esse assumenda a blanditiis. Asperiores totam assumenda consequuntur laboriosam voluptas vero voluptatem.',17,0,1,'2014-10-26 16:38:37','2020-09-26 19:48:37'),(18,70,20,'sapiente','Maiores quae et et iusto dolores. Consequatur quis dicta voluptatem omnis. Consectetur aut est facere perspiciatis recusandae. Sint est rem omnis consectetur perspiciatis eveniet.',8,0,0,'2012-07-05 05:56:24','2019-09-04 23:25:52'),(19,80,9,'distinctio','Quia iste hic ducimus quo repellendus consequuntur quas. Ut saepe optio qui quae. Reiciendis et quidem quasi voluptatem recusandae rem fugiat.',71,1,1,'2012-12-25 18:11:53','2019-11-03 02:09:17'),(20,23,3,'sunt','Neque sed ex hic optio. Ut consequuntur qui et iusto.',57,0,1,'2020-03-23 19:30:20','2014-01-25 13:44:28'),(21,5,17,'eaque','Minima ut asperiores alias sunt ea magni dolores. Aut cumque libero nemo nulla. Reprehenderit voluptatem quis cumque eius commodi magnam. Facere dolor soluta mollitia fugiat.',72,1,1,'2012-12-22 07:49:44','2019-09-07 23:13:27'),(22,2,17,'odit','Ducimus facilis aliquam cupiditate amet nisi ducimus. Atque unde expedita explicabo molestiae nobis molestiae. Sapiente ut corrupti a maxime similique.',52,0,0,'2017-06-23 03:01:34','2011-10-12 13:03:35'),(23,93,19,'est','Cupiditate neque numquam facilis odio accusamus. Quas et mollitia consequatur est dolores tempore. Quibusdam dolor non ipsa rerum nisi natus a. Rem est eum corrupti omnis ullam repellendus architecto voluptatem.',10,0,1,'2013-06-30 13:21:42','2015-09-16 08:11:11'),(24,52,1,'amet','Voluptatem quo molestiae incidunt eum nam. Est nam dolorem delectus tempore. Aut suscipit voluptatum ipsa nihil sunt officiis. Eos rerum enim nisi corporis.',94,0,0,'2014-03-24 14:47:26','2019-12-06 21:50:22'),(25,76,2,'praesentium','Ad reprehenderit consequatur possimus quo non est. Ab eaque et consequatur ratione voluptas et quia tempora. Ut velit autem nisi qui adipisci iure qui explicabo.',29,1,0,'2015-08-01 12:44:20','2013-06-08 01:06:00'),(26,35,12,'voluptatem','Eum vel id omnis omnis eos. Earum sit rerum cumque debitis. Rerum excepturi doloremque aut et sed. Fugiat rerum tempore architecto qui voluptatem saepe quos. Eum ut et mollitia.',9,0,0,'2019-04-28 11:40:26','2016-09-29 12:56:06'),(27,26,14,'adipisci','Autem aut eveniet suscipit nam dicta eos est. Dolorem et expedita perferendis eos. Quasi dolores sunt quae. Delectus incidunt ut delectus ullam.',38,1,0,'2021-01-12 18:04:30','2013-04-07 14:09:11'),(28,13,15,'neque','Expedita dolor non qui esse quas qui. Molestias mollitia et illo quas ipsum sit. Qui vel eaque voluptatibus corporis fuga vitae.',39,1,1,'2018-10-20 08:51:10','2016-01-01 05:57:32'),(29,15,15,'dolor','Odio dolorum voluptatem sint ut autem quia aspernatur. Vitae placeat omnis consequatur error aut repellat voluptatem. Dolorum voluptatem ut voluptas ut distinctio consequatur sed. Et sit possimus est totam velit minima.',98,1,1,'2014-04-12 07:02:22','2018-06-10 23:12:24'),(30,11,12,'unde','Neque voluptas aspernatur tenetur inventore et possimus laudantium. Culpa nobis fuga a repellendus. Nobis occaecati harum exercitationem.',8,0,1,'2013-06-02 21:46:55','2019-06-11 20:00:12'),(31,9,12,'ut','Ut quo quos vel vitae nisi perspiciatis. Similique eaque eveniet libero. Quaerat reiciendis aliquam vitae quaerat nihil. Praesentium rerum pariatur ea officia eos excepturi occaecati.',9,1,1,'2015-04-23 09:58:47','2012-10-28 23:05:05'),(32,96,1,'voluptatibus','Fuga eum aut fugit nemo. Quod eum sunt sed fugit eligendi.',68,1,1,'2020-01-20 20:01:30','2017-10-15 02:57:27'),(33,98,10,'cumque','Laborum voluptas deleniti quaerat animi nobis necessitatibus saepe. Alias consequatur ratione delectus sunt. Magni aut repellendus earum neque impedit dolorem.',87,1,0,'2019-11-28 05:16:28','2020-01-09 09:58:45'),(34,2,12,'magni','Consequatur recusandae et asperiores esse doloribus sed. Ut sit ad libero accusantium. Consequatur beatae officiis et similique unde sint. Nihil maiores esse fuga dolor aut omnis rerum atque.',21,1,0,'2020-03-23 09:42:16','2018-07-21 20:02:52'),(35,94,20,'vitae','Quam qui qui in quia odio. Non omnis temporibus voluptas beatae rerum. Rerum sed in odit pariatur. Id perspiciatis voluptatem sit numquam.',47,0,0,'2020-07-08 05:11:45','2012-12-09 09:12:55'),(36,59,4,'omnis','Aliquid nesciunt voluptatem est ducimus provident molestiae provident. Aliquid id repellat voluptatem labore aut ea. Quis tempore dolores animi maxime tempora quia quis. Velit eos cum iure accusantium qui ipsa et.',36,0,1,'2018-05-18 12:38:38','2013-10-19 01:02:35'),(37,89,19,'ex','Optio vel et dolorem quae esse placeat saepe. Necessitatibus placeat eaque sit consectetur. Sapiente ratione adipisci amet aut qui. Reiciendis sapiente nobis dignissimos.',58,1,0,'2016-07-02 17:52:06','2015-07-16 08:42:53'),(38,37,11,'molestiae','Neque dolores quidem voluptas. Et ut aliquam sunt sit soluta qui. Veritatis minima esse doloremque maxime et est qui tempore.',68,0,1,'2020-07-12 07:11:19','2012-08-25 06:51:43'),(39,56,12,'enim','Explicabo mollitia temporibus voluptates ut. Quia qui rerum fugiat dolorem. Est accusamus eligendi nemo odit sapiente. Quis dignissimos ut modi incidunt qui at cum et.',75,0,0,'2014-04-03 22:32:37','2020-09-01 14:20:28'),(40,18,3,'labore','Deserunt et voluptas officiis. Aut adipisci molestiae libero voluptas. Enim facilis id et et et.',43,0,0,'2017-01-21 17:17:09','2019-03-16 04:29:11'),(41,58,10,'non','Vitae laboriosam omnis ea. Dolorem rerum natus sint laboriosam qui labore et voluptatem. Et incidunt sint necessitatibus impedit magni dolores consectetur. Inventore rerum unde omnis. Quae nihil saepe repudiandae ut velit iste tempore repellat.',2,0,0,'2013-04-29 13:55:41','2016-03-31 20:16:34'),(42,52,7,'molestiae','Optio dicta minus iure. Dolores omnis incidunt doloribus nihil aut. Possimus tempore quidem quia exercitationem eos impedit repudiandae.',35,1,1,'2013-07-21 10:44:51','2020-09-05 13:13:28'),(43,83,19,'ut','Nostrum vitae eius consectetur architecto. Incidunt suscipit aut velit eligendi eos est aperiam. Quia quo voluptatem quam qui. Aliquam doloremque consequatur deleniti.',92,1,1,'2014-04-09 11:44:05','2017-04-30 23:19:59'),(44,20,18,'eligendi','Velit rerum doloremque ea qui. Eos magni enim at maiores et. Et id velit tempore autem.',35,1,0,'2014-10-26 04:02:41','2014-12-27 21:24:55'),(45,40,16,'et','Aut voluptatem repudiandae aperiam assumenda in qui est recusandae. Et maxime itaque ipsum quia. Suscipit odit quo eligendi et. Dicta sint culpa inventore.',58,1,1,'2018-09-25 09:02:01','2019-06-25 11:09:35'),(46,65,6,'accusamus','Aperiam ea rem magni sapiente autem enim dolor. Et numquam qui amet error autem. Est ut facilis et est voluptas et ipsam eos. Temporibus vitae aut quisquam aut similique temporibus sed.',47,1,0,'2020-12-15 06:40:46','2020-09-20 16:00:44'),(47,96,13,'voluptas','Et distinctio non a voluptates quo expedita sint. Quo quia quod atque et placeat.',7,1,0,'2012-10-14 05:00:28','2017-08-12 21:59:33'),(48,54,8,'enim','Nobis et dolorum voluptatem dolorem. Officiis commodi veritatis officiis quidem culpa rerum. Sint ex animi eaque laboriosam. Doloremque doloribus totam eum odio nulla aperiam.',70,1,1,'2017-04-04 00:42:02','2011-07-01 12:43:43'),(49,15,18,'eos','Ea rem vero tempora unde. Corporis non qui modi sapiente. Cupiditate qui minus occaecati dolorem.',99,1,0,'2017-12-04 13:41:39','2019-03-16 18:20:17'),(50,74,6,'dolores','Itaque debitis iusto quis velit dignissimos omnis. Rerum libero ullam nihil. Dolorem dolor esse dolores quod nihil voluptates. Mollitia repellat velit rerum eaque ut ad tenetur. Quibusdam atque at sed aliquid et molestiae laborum et.',11,0,1,'2016-12-28 16:47:49','2011-08-22 10:41:05'),(51,23,10,'hic','Non repellat atque numquam omnis. Quibusdam sed voluptatem aut ut ut vitae dolore. Molestiae nihil sint dolor.',24,0,1,'2020-01-01 06:28:43','2019-08-05 08:23:47'),(52,79,14,'mollitia','Saepe aliquid distinctio ut. Qui accusamus et quod dolorem est. Officiis non ut blanditiis occaecati magni magni. Repellendus est deleniti velit consequatur. Reiciendis repellendus qui quia consequatur quia.',50,1,0,'2012-01-23 23:04:02','2017-11-07 21:16:35'),(53,60,9,'molestiae','Ab accusantium dolore quis quam. Unde animi et nesciunt molestiae consequatur iusto. Maiores ex totam sed est et autem voluptatem.',60,0,1,'2014-12-02 03:19:15','2020-10-02 00:25:40'),(54,97,11,'cupiditate','Aut excepturi aut numquam ipsa. Rerum soluta odit laboriosam eos officia. Dolore sunt incidunt earum sunt odit est qui. Enim laudantium consequuntur veniam.',76,1,0,'2018-08-17 18:06:50','2014-02-01 19:11:25'),(55,68,10,'at','Voluptas nemo eaque tempore enim. Eligendi saepe rerum est voluptas. Ut consectetur corporis nemo illum tenetur.',95,0,0,'2019-12-14 04:09:27','2014-09-02 13:35:14'),(56,68,8,'unde','Libero harum sint vel voluptates illo dolores repellat. Repellendus officia eos corrupti voluptas est. Et nesciunt sequi voluptas voluptatum dolores qui debitis.',30,0,1,'2014-12-11 08:35:43','2013-08-10 11:31:01'),(57,100,8,'culpa','Asperiores magnam dolores libero voluptas esse. Rerum quia earum itaque eum minus. Voluptas ab saepe odio beatae id.',83,1,0,'2016-06-24 09:08:58','2011-04-19 02:14:50'),(58,100,9,'quaerat','Laborum error impedit delectus maiores laudantium dignissimos est. Officia omnis rerum quis est facere modi. Aperiam quia dolores est. Omnis ratione quia sint.',67,1,1,'2012-01-11 10:46:27','2021-01-07 00:14:07'),(59,32,12,'asperiores','Cumque quia quaerat harum soluta odit. Molestiae porro labore dolor ratione vel. Ex autem itaque dolor porro. Enim consequuntur esse magni assumenda reprehenderit non et quis.',14,1,1,'2020-08-31 23:06:23','2014-01-05 01:30:23'),(60,10,5,'facere','Ea vel ipsum nobis reprehenderit dignissimos ea accusamus. Reprehenderit reprehenderit eos voluptatum praesentium blanditiis. At totam ab velit ut nobis voluptate. Quo assumenda non dolore a et inventore.',8,0,0,'2018-07-27 03:28:19','2020-03-28 19:05:41'),(61,97,19,'blanditiis','Assumenda aperiam sed porro dolorem. Nesciunt quidem aut enim quia vel veritatis asperiores odit. Dolorum consequatur odit est nesciunt. Reprehenderit dolorem vel et quis molestiae ad iste.',64,1,1,'2011-10-16 11:10:23','2014-03-02 20:10:51'),(62,28,19,'qui','Ratione molestias aut voluptas amet dolorem dolores laboriosam consequatur. Molestiae repellendus minima unde. Aperiam ut autem nam sed rerum.',72,1,0,'2017-07-19 03:12:54','2015-06-19 07:12:52'),(63,42,8,'nobis','Aliquid minima vel facilis sint aut. Error perferendis error et facere aspernatur commodi. Corporis excepturi laborum non temporibus qui.',93,1,1,'2012-02-19 09:10:09','2018-08-29 06:45:51'),(64,94,1,'provident','Odio at corporis doloribus sunt. Ullam ab cupiditate ipsam porro dolorem ea. Maxime et occaecati dolor earum provident.',57,1,0,'2015-12-17 19:06:17','2016-07-18 22:10:49'),(65,6,4,'ut','Alias voluptate enim eligendi aspernatur. Quas rerum vero ipsa cumque delectus numquam unde tenetur. Odit vero ut iste perferendis voluptas. Sapiente provident eum optio est optio aliquam optio.',8,0,1,'2016-12-28 08:17:19','2016-07-27 10:59:41'),(66,42,12,'repellat','Sequi incidunt perferendis possimus aut aut et nostrum. Magni iste est est molestias saepe molestiae amet. Et quia maxime perferendis et consequatur minima.',63,1,0,'2011-12-09 01:15:28','2018-06-15 02:15:07'),(67,64,2,'eos','Quas ut labore itaque necessitatibus laudantium molestiae. Voluptas quae similique eius tempora corrupti porro. Aut quam natus autem dolores commodi dolores et.',21,0,0,'2019-04-11 01:36:56','2020-06-22 23:35:18'),(68,96,10,'et','Et culpa eum exercitationem aut. Voluptatem autem repudiandae consectetur quaerat suscipit. Corporis assumenda modi est. Molestias doloribus tenetur voluptatem amet quia enim.',58,0,1,'2012-08-23 21:23:40','2013-06-29 19:07:55'),(69,45,4,'dolorem','Assumenda ut voluptatem et sint et nostrum quos. Adipisci repudiandae beatae sit atque distinctio odit reiciendis nobis. Magnam voluptates laborum sapiente rerum excepturi. Magni rerum laboriosam quas quo ullam qui quia.',3,0,0,'2020-07-29 21:04:32','2019-05-26 05:39:05'),(70,32,4,'autem','Dolorum consectetur fugiat sit quam voluptas. Eum nemo et perspiciatis quis voluptatem. Nulla numquam tenetur aut ipsa eum consequatur.',49,1,1,'2016-07-14 22:24:06','2015-11-06 01:40:09'),(71,58,4,'odio','Sit laborum quo qui dolor placeat. Et vitae est aut sequi. Quisquam enim vitae non est.',49,0,0,'2020-05-07 22:42:05','2019-04-10 17:43:13'),(72,99,2,'vitae','Voluptatem est corrupti molestiae. In vero quia et eos. Sapiente debitis ad corrupti ut ut reiciendis.',32,0,0,'2011-03-05 05:19:21','2019-01-28 09:47:52'),(73,22,20,'tenetur','Sit maxime blanditiis non fugiat. Quos quia assumenda laborum.',75,0,0,'2018-09-02 16:30:21','2016-12-25 23:04:39'),(74,2,6,'a','Exercitationem velit neque et aliquid. Et sint ad non qui doloremque aut omnis. Eos quis dolores officiis est consequatur consectetur officia deserunt. Culpa quia ad et et.',17,0,0,'2017-09-22 10:14:44','2011-03-19 20:01:24'),(75,92,15,'aliquam','Qui ratione aliquid aliquid alias et quo aut. Quis ullam eligendi eaque quia eius aliquid. Velit doloribus ad aut corrupti voluptatum itaque modi aperiam.',33,1,0,'2011-12-01 21:00:30','2011-12-27 04:28:43'),(76,75,11,'ducimus','Ea et sunt similique. Magnam unde ipsam est molestiae voluptate laborum.',64,0,0,'2018-02-16 18:53:49','2014-05-07 23:05:58'),(77,70,2,'et','Eos consequatur hic soluta sunt. Esse autem quam aut beatae perspiciatis sit. Soluta ullam incidunt qui sint voluptas accusantium aut sed. Id quasi minus delectus incidunt vero maiores.',83,0,0,'2017-09-12 20:59:35','2013-11-08 03:23:23'),(78,82,1,'quis','Totam et cupiditate qui tempore. Aut optio quia nihil qui fuga adipisci. Accusantium qui reprehenderit doloremque quod. Sint velit corrupti nihil dolorum.',24,1,0,'2017-07-05 07:48:15','2020-03-26 05:05:20'),(79,44,15,'qui','Sint dolorum sunt deleniti nesciunt expedita. Enim iste ex sint voluptatem nesciunt et voluptatem omnis. Ut quidem accusamus occaecati non. Dicta omnis distinctio numquam totam quia eum fuga aut.',62,0,0,'2012-05-30 11:07:51','2011-06-11 21:22:19'),(80,53,3,'dolorem','Eos laudantium id odit ad omnis dolorum et et. Quia excepturi id laboriosam corrupti pariatur quo sint. Vero maiores amet eius sunt. Eos dolores repellendus libero ut vero odio vero.',23,0,1,'2015-10-26 12:05:46','2020-11-21 02:05:54'),(81,21,6,'nihil','Ea adipisci omnis esse rerum suscipit. Officia qui perspiciatis commodi nisi. Ex doloribus maiores voluptatem cum maiores nesciunt.',33,1,1,'2016-02-13 10:15:51','2017-04-04 13:59:29'),(82,18,9,'ut','Excepturi dolorum nihil blanditiis fugiat perferendis qui. Harum voluptatibus nemo minima inventore occaecati a et. Fuga et iure ut iusto.',96,0,0,'2019-07-11 12:59:32','2014-11-23 05:41:54'),(83,84,16,'rerum','Dolor aut illo minima cumque dolorem et qui. Tempora quod laudantium repellendus illum et deserunt. Aliquam voluptas est amet ut porro.',25,1,0,'2013-08-16 01:34:41','2012-03-31 10:31:45'),(84,78,5,'omnis','Sint earum quo maxime vitae qui ab consequuntur. Molestias voluptatem aut molestiae laborum. Earum dolore illo ipsa cumque omnis quae sunt.',23,1,1,'2018-04-13 22:00:19','2016-04-17 00:13:32'),(85,82,8,'sunt','Culpa animi omnis repellat cum provident expedita voluptas a. Quidem voluptas qui et quasi autem. Iste vero facere nobis nihil est. Maiores et ullam eveniet aut deserunt quis.',25,1,0,'2016-01-06 21:16:13','2014-11-30 08:21:01'),(86,93,5,'placeat','Dolores unde eveniet corporis. Quo sed commodi beatae voluptas expedita magnam cum veritatis. Quaerat animi hic numquam id qui.',49,1,1,'2017-06-29 06:18:54','2014-11-30 19:28:00'),(87,3,7,'autem','Eum necessitatibus ex aut ut et quia ut eos. Maiores cupiditate molestias ullam. Sunt in quam temporibus enim vitae possimus. Accusamus cupiditate et in id quibusdam quia velit.',54,1,1,'2014-08-21 14:27:05','2017-03-20 09:02:14'),(88,33,13,'et','Aut quis nihil vel unde. Rem omnis et voluptate. Necessitatibus cumque voluptatem deleniti repellat et id.',98,1,0,'2017-02-07 18:55:24','2017-10-20 16:30:47'),(89,38,2,'quasi','Eos labore optio debitis cum maiores id. Aperiam quam reiciendis ut assumenda exercitationem. Molestiae inventore facilis exercitationem non enim porro nostrum. Architecto ratione cum ut ex non eligendi rerum. Tempore est dolorem dolor fugiat.',57,0,0,'2015-12-07 04:14:23','2013-10-17 17:50:37'),(90,8,12,'rem','Sunt autem ab explicabo. Vel cupiditate consequatur laborum quidem vitae eaque amet. Iure dolores ipsam aspernatur dolore molestiae.',65,0,0,'2019-10-23 16:27:56','2019-05-09 05:41:33'),(91,52,1,'omnis','Dolores ut rerum rem accusamus aut placeat omnis. Quia voluptatem qui eum molestias eius dolore quia. Eum quae quibusdam rerum error.',32,1,1,'2019-08-13 11:15:53','2017-11-12 08:22:00'),(92,80,15,'consequuntur','Deserunt saepe non architecto et labore. Aspernatur ut quis animi iure debitis labore sed. Eos beatae aut occaecati non. Consectetur aut minima aliquid praesentium molestiae.',66,0,1,'2015-06-10 09:57:10','2019-07-21 16:45:00'),(93,8,5,'nostrum','Vitae dolor laborum nulla a. Ad dolor quidem non illo ut. Vitae consequatur aut et repellendus consectetur voluptates. Eos quia voluptate quos quisquam quae totam quia.',65,1,0,'2015-11-09 12:31:59','2016-07-29 21:33:41'),(94,30,12,'non','Iste eveniet aliquid molestiae occaecati. Quae ea sequi deleniti veniam nemo quod. Sed veritatis praesentium odit non inventore aperiam.',94,0,0,'2015-09-05 15:04:53','2019-10-11 10:37:32'),(95,94,13,'eos','Asperiores accusantium aut alias aperiam laboriosam. Aut tenetur qui esse magni. Nisi aliquam est ratione est. Velit velit ducimus distinctio qui ipsam.',5,1,0,'2018-08-04 14:22:26','2018-07-08 22:32:16'),(96,4,7,'provident','Tenetur ea quasi nobis ut ut earum. Quis eos esse architecto et exercitationem. Nemo ut optio sit tempora dolorum similique odio.',2,1,1,'2020-08-23 00:26:41','2019-11-03 05:40:53'),(97,1,9,'ipsa','Modi assumenda ut accusantium aperiam temporibus. Quisquam veniam placeat eum quidem alias esse. Fugiat possimus et esse. Autem quia quisquam a consequatur natus provident ratione cumque. Eos non nulla quaerat deleniti nulla occaecati dolores.',41,0,0,'2017-03-05 03:44:49','2012-01-10 16:06:30'),(98,35,10,'consequuntur','Ad vitae ullam distinctio quisquam porro nisi voluptatum. Nemo in consequatur ut labore saepe quia fugiat. Molestiae mollitia numquam corporis. Ut et rem et et eum est.',36,1,0,'2012-04-17 13:46:15','2016-09-21 11:33:43'),(99,76,5,'qui','Non quo nemo et animi quod. Distinctio distinctio minima facere aut praesentium.',27,0,1,'2014-12-27 10:17:39','2011-04-15 23:36:09'),(100,49,3,'amet','Repellendus consequatur alias eius atque. Accusantium autem provident magnam magnam. Natus ullam sint sequi quis et odio facilis. Voluptatem ratione rerum vel corporis odit.',94,0,0,'2011-11-24 20:46:54','2012-10-16 14:30:01');
/*!40000 ALTER TABLE `posts` ENABLE KEYS */;
UNLOCK TABLES;

--
-- Table structure for table `profiles`
--

DROP TABLE IF EXISTS `profiles`;
/*!40101 SET @saved_cs_client     = @@character_set_client */;
/*!50503 SET character_set_client = utf8mb4 */;
CREATE TABLE `profiles` (
  `user_id` int unsigned NOT NULL COMMENT '╨б╤Б╤Л╨╗╨║╨░ ╨╜╨░ ╨┐╨╛╨╗╤М╨╖╨╛╨▓╨░╤В╨╡╨╗╤П',
  `gender` enum('M','F') COLLATE utf8mb4_unicode_ci DEFAULT NULL,
  `birthday` date DEFAULT NULL COMMENT '╨Ф╨░╤В╨░ ╤А╨╛╨╢╨┤╨╡╨╜╨╕╤П',
  `city` varchar(130) CHARACTER SET utf8mb4 COLLATE utf8mb4_unicode_ci DEFAULT NULL COMMENT '╨У╨╛╤А╨╛╨┤ ╨┐╤А╨╛╨╢╨╕╨▓╨░╨╜╨╕╤П',
  `country` varchar(130) CHARACTER SET utf8mb4 COLLATE utf8mb4_unicode_ci DEFAULT NULL COMMENT '╨б╤В╤А╨░╨╜╨░ ╨┐╤А╨╛╨╢╨╕╨▓╨░╨╜╨╕╤П',
  `created_at` datetime DEFAULT CURRENT_TIMESTAMP COMMENT '╨Т╤А╨╡╨╝╤П ╤Б╨╛╨╖╨┤╨░╨╜╨╕╤П ╤Б╤В╤А╨╛╨║╨╕',
  `updated_at` datetime DEFAULT CURRENT_TIMESTAMP ON UPDATE CURRENT_TIMESTAMP COMMENT '╨Т╤А╨╡╨╝╤П ╨╛╨▒╨╜╨╛╨▓╨╗╨╡╨╜╨╕╤П ╤Б╤В╤А╨╛╨║╨╕',
  `age` int NOT NULL,
  PRIMARY KEY (`user_id`),
  CONSTRAINT `profiles_user_id_fk` FOREIGN KEY (`user_id`) REFERENCES `users` (`id`) ON DELETE CASCADE
) ENGINE=InnoDB DEFAULT CHARSET=utf8mb4 COLLATE=utf8mb4_unicode_ci COMMENT='╨Я╤А╨╛╤Д╨╕╨╗╨╕';
/*!40101 SET character_set_client = @saved_cs_client */;

--
-- Dumping data for table `profiles`
--

LOCK TABLES `profiles` WRITE;
/*!40000 ALTER TABLE `profiles` DISABLE KEYS */;
INSERT INTO `profiles` VALUES (1,'M','1970-09-05','North Christopherville','Sao Tome and Principe','2013-12-05 08:15:25','2021-02-25 13:49:37',50),(2,'F','1974-11-15','East Kamryn','Antigua and Barbuda','2013-12-27 14:23:28','2021-02-25 13:49:37',46),(3,'M','1992-04-30','Lake Adah','Gibraltar','2017-12-13 16:02:15','2021-02-25 13:49:37',28),(4,'M','1974-04-09','Port Garret','United States of America','2015-12-30 18:48:34','2021-02-25 13:49:37',46),(5,'F','1986-03-15','Runolfsdottirberg','French Southern Territories','2019-11-26 00:45:09','2021-02-25 13:49:37',34),(6,'M','1976-05-13','East Mitchelbury','Slovenia','2020-09-27 06:26:30','2021-02-25 13:49:37',44),(7,'F','1984-02-20','New Dovie','Turkmenistan','2016-09-19 05:23:06','2021-02-25 13:49:37',37),(8,'M','1990-09-02','Cristland','Montserrat','2015-03-22 07:12:21','2021-02-25 13:49:37',30),(9,'M','2000-01-09','North Maxineport','Estonia','2016-03-09 16:06:42','2021-02-25 13:49:37',21),(10,'M','1996-04-08','South Nigelport','Singapore','2012-07-12 14:03:30','2021-02-25 13:49:37',24),(11,'F','1980-05-11','East Juliaborough','Cameroon','2015-11-17 14:54:12','2021-02-25 13:49:37',40),(12,'M','1973-11-28','Hannahborough','Paraguay','2019-05-28 07:44:39','2021-02-25 13:49:37',47),(13,'F','1989-05-18','Hahnbury','Bhutan','2018-01-18 05:57:30','2021-02-25 13:49:37',31),(14,'M','1993-04-30','Jalenfort','Egypt','2015-01-17 08:33:08','2021-02-25 13:49:37',27),(15,'M','1997-08-04','Reynoldsland','Georgia','2020-05-29 11:06:21','2021-02-25 13:49:37',23),(16,'M','1976-02-20','East Mackenzietown','Svalbard & Jan Mayen Islands','2018-09-30 22:08:02','2021-02-25 13:49:37',45),(17,'F','1979-09-30','Fadeltown','Djibouti','2011-05-31 16:10:27','2021-02-25 13:49:37',41),(18,'M','2000-04-27','New Lacyborough','Falkland Islands (Malvinas)','2012-08-27 03:40:19','2021-02-25 13:49:37',20),(19,'M','1999-08-15','New Clinton','Saint Vincent and the Grenadines','2012-12-19 14:41:57','2021-02-25 13:49:37',21),(20,'M','1996-03-19','North Delfinaside','Mexico','2011-08-22 03:55:45','2021-02-25 13:49:37',24),(21,'F','1981-04-19','North Stephany','Tuvalu','2016-02-09 02:00:36','2021-02-25 13:49:37',39),(22,'F','1978-10-07','Sipesside','Slovakia (Slovak Republic)','2011-03-06 19:11:11','2021-02-25 13:49:37',42),(23,'M','1979-12-07','Bogisichberg','Holy See (Vatican City State)','2011-09-10 05:49:29','2021-02-25 13:49:37',41),(24,'M','1993-05-13','West Dianaville','Ukraine','2019-06-25 04:35:50','2021-02-25 13:49:37',27),(25,'M','1995-03-09','Lake Gastonbury','Vanuatu','2015-04-10 05:18:34','2021-02-25 13:49:37',25),(26,'F','1994-12-03','Johnsland','Korea','2019-11-30 22:32:59','2021-02-25 13:49:37',26),(27,'F','1988-02-18','South Arnaldo','Solomon Islands','2015-05-04 07:57:48','2021-02-25 13:49:37',33),(28,'F','1985-11-24','Fordview','Liechtenstein','2017-01-09 00:10:24','2021-02-25 13:49:37',35),(29,'F','1995-02-05','Larissachester','Northern Mariana Islands','2014-01-28 12:53:34','2021-02-25 13:49:37',26),(30,'F','1985-12-13','North Earline','Peru','2017-10-15 20:20:47','2021-02-25 13:49:37',35),(31,'M','1974-06-19','Phoebestad','Germany','2012-03-12 23:36:12','2021-02-25 13:49:37',46),(32,'F','1975-05-22','West Jodie','Latvia','2016-09-05 08:05:28','2021-02-25 13:49:37',45),(33,'M','1983-07-18','Kimfurt','Montserrat','2017-03-18 08:03:45','2021-02-25 13:49:37',37),(34,'F','1990-08-22','Haroldchester','Costa Rica','2017-04-11 07:52:44','2021-02-25 13:49:37',30),(35,'F','1970-09-27','Barryland','British Virgin Islands','2015-12-29 05:40:08','2021-02-25 13:49:37',50),(36,'M','1973-08-09','West Ernestina','Liechtenstein','2015-06-08 13:13:17','2021-02-25 13:49:37',47),(37,'M','1985-10-22','New Boyd','Gabon','2013-08-29 12:23:40','2021-02-25 13:49:37',35),(38,'M','1976-05-23','Arvelburgh','Slovenia','2015-12-14 03:55:45','2021-02-25 13:49:37',44),(39,'M','1985-06-13','Port Ivymouth','Australia','2014-05-31 19:45:09','2021-02-25 13:49:37',35),(40,'M','1997-02-26','Stantonton','Sierra Leone','2019-04-03 05:19:02','2021-02-25 13:49:37',23),(41,'F','1997-08-09','Verniceview','Guatemala','2019-04-04 22:57:25','2021-02-25 13:49:37',23),(42,'M','1995-08-20','Breitenbergville','Pakistan','2018-03-26 17:24:41','2021-02-25 13:49:37',25),(43,'M','1984-06-11','South Madelinestad','Saint Kitts and Nevis','2014-08-18 06:14:42','2021-02-25 13:49:37',36),(44,'F','1996-03-24','Fabianfurt','Montenegro','2018-05-03 18:38:09','2021-02-25 13:49:37',24),(45,'F','1995-12-25','Lake Esperanzaland','Honduras','2019-04-10 16:55:39','2021-02-25 13:49:37',25),(46,'M','1990-04-22','West Isaias','Latvia','2014-04-29 05:48:31','2021-02-25 13:49:37',30),(47,'M','1993-07-31','Milanmouth','Sudan','2016-12-16 06:45:59','2021-02-25 13:49:37',27),(48,'M','1996-01-26','Reynoldshaven','French Guiana','2015-02-28 16:37:32','2021-02-25 13:49:37',25),(49,'M','1998-09-08','Noemychester','India','2018-10-04 02:45:27','2021-02-25 13:49:37',22),(50,'F','1973-05-24','Inesland','Greenland','2017-12-26 14:44:54','2021-02-25 13:49:37',47),(51,'F','1993-08-29','East Jevon','Kenya','2016-05-03 22:49:27','2021-02-25 13:49:37',27),(52,'F','1985-05-14','Jessport','Trinidad and Tobago','2011-03-04 15:38:28','2021-02-25 13:49:37',35),(53,'F','1975-11-10','Auerborough','South Africa','2011-05-27 04:58:59','2021-02-25 13:49:37',45),(54,'M','1984-02-05','Bogisichstad','Kazakhstan','2012-06-19 16:06:27','2021-02-25 13:49:37',37),(55,'F','1992-01-01','Dinastad','Estonia','2012-01-18 16:12:36','2021-02-25 13:49:37',29),(56,'F','1975-11-18','New Ryan','Ukraine','2017-01-06 12:42:07','2021-02-25 13:49:37',45),(57,'F','1995-03-23','Hoppefurt','Monaco','2019-04-01 06:04:02','2021-02-25 13:49:37',25),(58,'M','1985-09-22','New Alexys','Sweden','2016-08-19 03:45:30','2021-02-25 13:49:37',35),(59,'M','1972-12-18','Port Jasen','Eritrea','2019-06-24 00:45:39','2021-02-25 13:49:37',48),(60,'F','1999-06-20','South Emmieport','Uruguay','2015-06-11 21:53:50','2021-02-25 13:49:37',21),(61,'F','1984-10-14','Nestorport','Luxembourg','2019-11-16 15:06:39','2021-02-25 13:49:37',36),(62,'M','1986-06-10','Sydneebury','Korea','2012-04-13 18:35:40','2021-02-25 13:49:37',34),(63,'M','1976-12-05','Gertrudeside','Kuwait','2013-06-26 14:32:41','2021-02-25 13:49:37',44),(64,'M','1986-03-26','Spinkaland','Montserrat','2020-08-12 14:51:13','2021-02-25 13:49:37',34),(65,'F','1999-06-18','South Judeville','Bolivia','2017-04-03 18:13:14','2021-02-25 13:49:37',21),(66,'F','1975-11-11','Brakusville','Finland','2013-03-03 12:56:37','2021-02-25 13:49:37',45),(67,'M','1972-10-02','Kutchport','Seychelles','2015-09-15 19:29:26','2021-02-25 13:49:37',48),(68,'M','1997-02-06','East Maudie','Uzbekistan','2016-11-27 16:09:54','2021-02-25 13:49:37',24),(69,'M','1973-07-30','Dickimouth','Somalia','2014-01-01 04:46:47','2021-02-25 13:49:37',47),(70,'F','1999-05-03','Donavonfort','Benin','2012-09-14 23:34:30','2021-02-25 13:49:37',21),(71,'M','1982-04-12','South Susie','Netherlands','2013-03-22 09:26:06','2021-02-25 13:49:37',38),(72,'M','1974-04-21','South Leora','Sri Lanka','2012-02-25 02:52:37','2021-02-25 13:49:37',46),(73,'M','1985-08-03','North Gertrude','Cambodia','2017-06-20 21:38:54','2021-02-25 13:49:37',35),(74,'F','1973-03-16','South Damion','San Marino','2011-02-16 20:06:00','2021-02-25 13:49:37',47),(75,'F','1970-03-03','South Jonshire','Bulgaria','2013-11-16 00:34:45','2021-02-25 13:49:37',50),(76,'F','1992-02-25','Gregstad','Bolivia','2012-12-22 13:53:34','2021-02-25 13:49:37',29),(77,'M','1987-06-30','Cronahaven','Maldives','2020-07-29 22:55:34','2021-02-25 13:49:37',33),(78,'M','1991-01-07','Arturoburgh','Liberia','2020-11-16 10:26:17','2021-02-25 13:49:37',30),(79,'F','1991-09-10','New Orlando','Germany','2020-12-22 06:56:56','2021-02-25 13:49:37',29),(80,'M','1984-06-28','Flatleyhaven','British Indian Ocean Territory (Chagos Archipelago)','2020-02-25 23:53:04','2021-02-25 13:49:37',36),(81,'F','1977-05-18','Torpview','Syrian Arab Republic','2017-10-24 01:58:30','2021-02-25 13:49:37',43),(82,'M','1994-04-30','Zacktown','Sweden','2012-06-25 22:37:10','2021-02-25 13:49:37',26),(83,'M','1976-10-06','South Clara','Nauru','2012-01-13 13:09:07','2021-02-25 13:49:37',44),(84,'F','1992-08-30','Gerlachville','Iran','2020-02-25 00:20:12','2021-02-25 13:49:37',28),(85,'F','1970-04-09','Borishaven','Honduras','2013-06-25 12:33:45','2021-02-25 13:49:37',50),(86,'M','1996-02-13','Coltonview','Venezuela','2014-02-08 14:33:19','2021-02-25 13:49:37',25),(87,'F','1976-02-10','Lesleybury','Saudi Arabia','2017-08-02 15:55:45','2021-02-25 13:49:37',45),(88,'F','1984-01-12','Reingerbury','Thailand','2014-02-09 18:03:02','2021-02-25 13:49:37',37),(89,'M','1990-11-28','South Karleetown','Trinidad and Tobago','2013-12-15 19:38:46','2021-02-25 13:49:37',30),(90,'F','1970-08-13','Hettingerport','Rwanda','2019-06-14 07:17:14','2021-02-25 13:49:37',50),(91,'F','1972-03-06','New Lelahburgh','Guinea-Bissau','2013-08-04 01:15:34','2021-02-25 13:49:37',48),(92,'F','1979-01-16','West Ethylport','Saint Martin','2011-10-07 03:50:33','2021-02-25 13:49:37',42),(93,'F','1977-10-07','New Elissahaven','Portugal','2017-03-27 15:10:23','2021-02-25 13:49:37',43),(94,'M','1981-09-12','Port Alaina','New Caledonia','2014-04-26 12:20:25','2021-02-25 13:49:37',39),(95,'M','1974-04-10','Reesestad','Martinique','2012-12-04 13:18:16','2021-02-25 13:49:37',46),(96,'F','1987-03-10','South Janelle','Svalbard & Jan Mayen Islands','2017-08-26 03:40:02','2021-02-25 13:49:37',33),(97,'M','1981-04-16','East Allisonburgh','Saint Helena','2016-08-23 11:59:17','2021-02-25 13:49:37',39),(98,'F','1974-11-18','Lake Kacie','Haiti','2017-11-11 04:23:57','2021-02-25 13:49:37',46),(99,'M','1991-06-15','Jaysonshire','Algeria','2017-09-07 09:24:17','2021-02-25 13:49:37',29),(100,'F','2000-10-14','Adellaport','Grenada','2015-01-24 02:30:47','2021-02-25 13:49:37',20);
/*!40000 ALTER TABLE `profiles` ENABLE KEYS */;
UNLOCK TABLES;

--
-- Table structure for table `target_types`
--

DROP TABLE IF EXISTS `target_types`;
/*!40101 SET @saved_cs_client     = @@character_set_client */;
/*!50503 SET character_set_client = utf8mb4 */;
CREATE TABLE `target_types` (
  `id` int unsigned NOT NULL AUTO_INCREMENT,
  `name` varchar(255) NOT NULL,
  `created_at` datetime DEFAULT CURRENT_TIMESTAMP,
  PRIMARY KEY (`id`),
  UNIQUE KEY `name` (`name`)
) ENGINE=InnoDB AUTO_INCREMENT=10 DEFAULT CHARSET=utf8mb4 COLLATE=utf8mb4_0900_ai_ci;
/*!40101 SET character_set_client = @saved_cs_client */;

--
-- Dumping data for table `target_types`
--

LOCK TABLES `target_types` WRITE;
/*!40000 ALTER TABLE `target_types` DISABLE KEYS */;
INSERT INTO `target_types` VALUES (1,'messages','2021-02-20 18:04:06'),(2,'users','2021-02-20 18:04:06'),(3,'media','2021-02-20 18:04:06'),(4,'posts','2021-02-20 18:04:06');
/*!40000 ALTER TABLE `target_types` ENABLE KEYS */;
UNLOCK TABLES;

--
-- Table structure for table `users`
--

DROP TABLE IF EXISTS `users`;
/*!40101 SET @saved_cs_client     = @@character_set_client */;
/*!50503 SET character_set_client = utf8mb4 */;
CREATE TABLE `users` (
  `id` int unsigned NOT NULL AUTO_INCREMENT COMMENT '╨Ш╨┤╨╡╨╜╤В╨╕╤Д╨╕╨║╨░╤В╨╛╤А ╤Б╤В╤А╨╛╨║╨╕',
  `first_name` varchar(100) CHARACTER SET utf8mb4 COLLATE utf8mb4_unicode_ci NOT NULL COMMENT '╨Ш╨╝╤П ╨┐╨╛╨╗╤М╨╖╨╛╨▓╨░╤В╨╡╨╗╤П',
  `last_name` varchar(100) CHARACTER SET utf8mb4 COLLATE utf8mb4_unicode_ci NOT NULL COMMENT '╨д╨░╨╝╨╕╨╗╨╕╤П ╨┐╨╛╨╗╤М╨╖╨╛╨▓╨░╤В╨╡╨╗╤П',
  `email` varchar(100) CHARACTER SET utf8mb4 COLLATE utf8mb4_unicode_ci NOT NULL COMMENT '╨Я╨╛╤З╤В╨░',
  `phone` varchar(100) CHARACTER SET utf8mb4 COLLATE utf8mb4_unicode_ci NOT NULL COMMENT '╨в╨╡╨╗╨╡╤Д╨╛╨╜',
  `created_at` datetime DEFAULT CURRENT_TIMESTAMP COMMENT '╨Т╤А╨╡╨╝╤П ╤Б╨╛╨╖╨┤╨░╨╜╨╕╤П ╤Б╤В╤А╨╛╨║╨╕',
  `updated_at` datetime DEFAULT CURRENT_TIMESTAMP ON UPDATE CURRENT_TIMESTAMP COMMENT '╨Т╤А╨╡╨╝╤П ╨╛╨▒╨╜╨╛╨▓╨╗╨╡╨╜╨╕╤П ╤Б╤В╤А╨╛╨║╨╕',
  PRIMARY KEY (`id`),
  UNIQUE KEY `email` (`email`),
  UNIQUE KEY `phone` (`phone`)
) ENGINE=InnoDB AUTO_INCREMENT=101 DEFAULT CHARSET=utf8mb4 COLLATE=utf8mb4_unicode_ci COMMENT='╨Я╨╛╨╗╤М╨╖╨╛╨▓╨░╤В╨╡╨╗╨╕';
/*!40101 SET character_set_client = @saved_cs_client */;

--
-- Dumping data for table `users`
--

LOCK TABLES `users` WRITE;
/*!40000 ALTER TABLE `users` DISABLE KEYS */;
INSERT INTO `users` VALUES (1,'Ken','Mills','cameron74@example.com','1-786-599-9242x33062','2013-09-19 21:56:06','2021-02-13 12:07:26'),(2,'Gussie','Lowe','leslie70@example.com','(507)770-6763x93325','2017-10-11 20:45:03','2021-02-13 12:07:26'),(3,'Prince','Grant','demond51@example.com','1-978-694-7292x0732','2012-02-28 04:27:08','2020-03-24 06:23:20'),(4,'Orpha','Monahan','pgulgowski@example.org','448-249-5283','2020-04-04 03:11:35','2021-02-13 12:07:26'),(5,'Grady','Ebert','schmitt.addison@example.org','(734)570-5064x66586','2016-01-12 03:01:45','2021-02-13 12:07:26'),(6,'Martine','Block','ahuels@example.com','07071051594','2012-06-17 20:37:05','2016-06-08 00:53:27'),(7,'Elva','O\'Reilly','karli.lockman@example.com','03577341628','2018-12-04 16:12:40','2021-02-13 12:07:26'),(8,'Rusty','DuBuque','izaiah.mraz@example.net','+25(6)1471546881','2014-02-07 22:46:37','2021-02-13 12:07:26'),(9,'Kimberly','Wyman','ntremblay@example.net','1-883-637-6931x285','2017-10-06 16:01:23','2021-02-13 12:07:26'),(10,'Kirsten','Dibbert','samara58@example.net','202-706-7275x5343','2016-10-30 13:05:50','2016-11-30 00:51:59'),(11,'Lourdes','Abshire','dereck21@example.net','1-609-984-3486x8724','2016-06-05 03:30:50','2017-02-22 14:21:03'),(12,'Greg','Stamm','vernice57@example.net','+31(4)8885245571','2020-04-16 19:51:57','2021-02-13 12:07:26'),(13,'Toney','Goodwin','efren97@example.net','1-935-312-5853','2014-10-22 08:55:06','2021-02-13 12:07:26'),(14,'Gunnar','Lowe','cynthia54@example.com','1-408-786-8845','2020-07-25 10:43:17','2021-02-13 12:07:26'),(15,'Marcelle','Smitham','gerry47@example.com','(064)099-4681','2015-10-30 01:34:24','2021-01-23 15:42:09'),(16,'Jonathan','Bins','farrell.kelly@example.com','+08(6)3997213592','2011-12-14 12:45:12','2020-12-22 20:26:19'),(17,'Toby','Shanahan','eve.thompson@example.net','07532604514','2012-01-19 00:01:31','2015-04-20 13:49:50'),(18,'Jaqueline','Koch','kallie.fadel@example.net','489-435-4027x40202','2015-01-22 10:47:18','2021-02-13 12:07:26'),(19,'Major','Hamill','hickle.amina@example.net','144.849.6276','2015-08-02 13:23:31','2021-02-13 12:07:26'),(20,'Fausto','Cummings','simeon19@example.org','1-643-613-0694x340','2018-05-02 05:13:06','2021-02-13 12:07:26'),(21,'Gretchen','Treutel','demond88@example.com','+34(4)6603815185','2018-05-24 10:11:38','2019-09-11 06:59:17'),(22,'Pearline','Nitzsche','schuster.curt@example.com','646-151-4814x70597','2014-02-02 09:48:02','2018-09-01 21:32:57'),(23,'Gabe','Ziemann','kuhic.nova@example.net','080-206-6645x231','2019-05-28 14:34:49','2021-02-13 12:07:26'),(24,'Mckenzie','Schroeder','grover.mccullough@example.org','+46(8)3111286130','2012-12-02 05:00:40','2020-08-06 19:44:09'),(25,'Kaylin','Kuvalis','cummerata.gladyce@example.org','+44(5)5835981716','2019-06-14 13:24:20','2021-02-13 12:07:26'),(26,'Guido','Baumbach','spencer93@example.net','1-697-478-1899','2012-03-19 00:31:40','2013-12-17 22:36:13'),(27,'Ford','Yost','xsanford@example.net','947-953-5663x4710','2015-11-01 03:19:00','2018-07-07 01:13:40'),(28,'Jacynthe','Feeney','madalyn65@example.net','159.476.3196x6546','2019-05-25 09:21:23','2021-02-13 12:07:26'),(29,'Eino','Lowe','alvina82@example.org','777.429.9382','2017-08-21 10:21:10','2021-02-13 12:07:26'),(30,'Hoyt','Bergnaum','volkman.eric@example.net','209.840.1459','2019-07-08 12:49:21','2021-02-13 12:07:26'),(31,'Agnes','Green','xolson@example.net','934.219.6841','2015-08-07 03:44:17','2021-02-13 12:07:26'),(32,'Mackenzie','Yost','tanner.eichmann@example.net','990.047.2409x3888','2012-12-23 23:17:51','2021-02-13 12:07:26'),(33,'Coralie','Monahan','kuhic.milford@example.net','(683)857-2308x10976','2015-12-21 04:38:42','2018-09-30 17:40:36'),(34,'Dallin','Botsford','bruen.josue@example.com','956.723.3332','2011-06-01 19:31:38','2016-08-25 09:27:21'),(35,'Alyce','Erdman','swaniawski.jerel@example.com','02056161131','2018-01-31 16:25:11','2021-02-13 12:07:26'),(36,'Nat','Crist','erica44@example.org','(356)242-1264x6682','2013-05-25 14:09:08','2020-06-21 05:00:56'),(37,'Yasmin','Osinski','maxwell.daniel@example.org','304.564.6219','2016-04-14 12:28:23','2021-02-13 12:07:26'),(38,'Eloy','Reichel','kiehn.aditya@example.org','751-213-6131','2015-10-24 11:31:35','2016-02-29 22:53:14'),(39,'Tristian','McKenzie','jacobs.leon@example.com','443-339-8636x475','2016-03-22 09:51:31','2020-02-15 13:10:55'),(40,'Lily','Howell','bgusikowski@example.net','(087)026-7380x8577','2017-03-13 16:38:22','2020-06-29 19:52:26'),(41,'Alejandra','Gleason','gleason.abel@example.org','1-132-305-2278x394','2013-07-08 04:21:34','2021-02-13 12:07:26'),(42,'Antoinette','Gulgowski','mayer.lolita@example.net','(332)177-7205x3581','2013-12-07 18:07:33','2021-02-13 12:07:26'),(43,'Tyrique','Ortiz','stokes.arnoldo@example.net','+30(0)3418480734','2018-07-12 01:02:43','2021-01-23 13:08:58'),(44,'Gunner','Kirlin','petra.hodkiewicz@example.net','802-819-3699x987','2015-10-27 03:37:03','2021-02-13 12:07:26'),(45,'Taurean','Boehm','jenifer.volkman@example.org','1-989-861-3418x72698','2015-03-21 06:57:17','2021-02-13 12:07:26'),(46,'Antonio','Leannon','german.balistreri@example.net','628-926-3352','2013-01-17 06:57:02','2016-10-22 06:32:14'),(47,'Antonetta','Mitchell','dkovacek@example.com','1-916-711-0278x832','2011-08-23 08:06:47','2014-06-01 04:14:03'),(48,'Lucious','Nolan','king.serena@example.com','(225)433-1294x3559','2011-02-19 04:21:51','2020-11-20 13:52:04'),(49,'Nasir','Hermann','btromp@example.net','670.090.2207x92401','2012-12-07 21:39:11','2013-03-30 17:57:15'),(50,'Dino','Gerlach','boyer.antonette@example.org','919-915-0715','2011-05-28 00:14:45','2016-06-03 16:45:35'),(51,'Evan','Borer','kirlin.sanford@example.com','1-396-911-0609x653','2014-12-23 01:27:03','2017-07-09 19:30:46'),(52,'Alvena','Wilkinson','vgleason@example.net','08444583272','2013-01-25 17:22:45','2018-02-04 07:22:30'),(53,'Chanelle','Altenwerth','elwin72@example.com','899-606-1069x072','2015-07-30 11:55:13','2021-02-13 12:07:26'),(54,'Yasmeen','Braun','armstrong.garth@example.com','1-980-065-6222x549','2012-07-29 16:54:17','2015-04-11 14:25:09'),(55,'Katrina','Johnson','marian.lynch@example.org','1-405-858-0776x8730','2016-02-12 13:07:15','2018-08-28 13:08:57'),(56,'Marquis','Gottlieb','ndonnelly@example.com','618-639-5112','2018-10-16 13:27:27','2020-08-19 21:54:49'),(57,'Arne','Jacobs','hills.quinn@example.com','+15(9)4531893395','2011-09-14 21:05:07','2013-12-09 09:20:16'),(58,'Demetris','Trantow','okuhn@example.net','03854413288','2017-08-01 17:56:41','2018-11-21 20:15:41'),(59,'Nelson','Moore','kulas.orlando@example.com','161.720.3408','2019-04-05 06:58:52','2021-02-13 12:07:26'),(60,'Sigmund','Koch','bartell.crawford@example.net','1-699-714-0570','2019-01-15 00:41:28','2021-02-13 12:07:26'),(61,'Ladarius','Kassulke','libbie.conroy@example.org','736-464-9320x349','2011-03-11 04:32:15','2015-09-24 13:00:56'),(62,'Isom','Yundt','shawn95@example.net','461.279.3077','2016-04-06 06:06:19','2021-02-13 12:07:26'),(63,'Yazmin','Cremin','ewuckert@example.com','003.070.7011x19060','2014-09-04 20:12:19','2019-06-08 06:53:14'),(64,'Zakary','Jerde','lehner.amalia@example.org','1-748-056-6322','2018-10-06 16:00:28','2021-02-13 12:07:26'),(65,'Eliza','Armstrong','imiller@example.net','1-201-119-9557x596','2013-10-25 19:45:51','2014-05-29 14:22:20'),(66,'August','Torp','deshaun60@example.com','182.144.9729x1950','2017-11-11 02:04:17','2019-04-13 16:13:48'),(67,'Maynard','Cassin','tania.morissette@example.com','(310)017-1480x4752','2020-03-17 05:30:23','2020-03-27 02:38:25'),(68,'Federico','Armstrong','adrain.roberts@example.org','(723)485-5299x06796','2020-09-16 02:28:40','2021-02-13 12:07:26'),(69,'Kianna','Frami','ohackett@example.com','421.476.2901x532','2013-12-26 16:24:53','2020-06-22 01:26:49'),(70,'Aniya','Abbott','cielo08@example.com','691.275.3897x4305','2012-12-03 05:05:27','2018-08-14 00:33:24'),(71,'Mona','Cremin','brad59@example.org','814-813-3508x11444','2018-11-27 02:01:09','2021-02-13 12:07:26'),(72,'Jocelyn','Conroy','carson55@example.com','786.940.7412x0332','2016-10-20 02:25:29','2020-11-01 09:27:39'),(73,'Rosemarie','Schiller','heaven.rempel@example.net','065-659-5899x8857','2015-02-06 14:50:12','2015-02-16 01:54:30'),(74,'Nick','Gleason','aiyana.gutmann@example.com','+75(8)6213929282','2019-05-28 14:55:37','2021-02-13 12:07:26'),(75,'Drew','Hyatt','sarai91@example.org','707-671-8534x2174','2012-07-31 19:05:49','2020-03-20 17:43:42'),(76,'Kaya','Kessler','malcolm34@example.net','+52(4)6088307446','2020-11-16 06:18:04','2021-02-13 12:07:26'),(77,'Annamae','Reynolds','terrance.ferry@example.org','(983)758-5369x868','2015-08-28 08:57:00','2021-02-13 12:07:26'),(78,'Melyna','Leffler','audrey.towne@example.com','+07(3)9887448682','2020-08-26 00:47:12','2021-02-13 12:07:26'),(79,'Davonte','Bode','wintheiser.antonetta@example.com','232.078.1975x22546','2016-08-05 07:38:49','2021-02-13 12:07:26'),(80,'Durward','Hessel','phomenick@example.org','+58(7)0212758529','2012-01-17 19:49:14','2019-11-30 04:58:45'),(81,'Ericka','Kassulke','cleora81@example.org','+29(6)4276293611','2011-06-10 03:48:37','2013-03-28 07:28:53'),(82,'Providenci','Bergstrom','trycia66@example.com','837.381.8209','2011-12-10 23:49:19','2018-04-30 10:30:22'),(83,'Jaylan','Bailey','joana.hodkiewicz@example.com','+00(7)6066029175','2011-03-08 01:59:41','2020-02-23 19:46:42'),(84,'Gracie','Fisher','moen.ari@example.org','(066)199-9707x2559','2016-12-30 01:27:55','2020-02-19 17:09:16'),(85,'Liza','Quigley','powlowski.elton@example.com','751.186.0344','2017-10-18 02:36:29','2019-05-21 22:32:02'),(86,'Bonita','Legros','turner.forest@example.org','589-753-4450x218','2015-01-23 22:00:39','2019-08-05 14:36:46'),(87,'Ronaldo','Okuneva','rozella39@example.com','387-628-1648','2019-12-01 13:53:35','2021-02-13 12:07:26'),(88,'Brenda','Kuhn','swift.emilie@example.org','1-476-403-3819x841','2020-01-01 04:35:39','2021-02-13 12:07:26'),(89,'Laila','O\'Reilly','lexus.veum@example.org','08018342952','2016-05-27 14:24:46','2021-02-13 12:07:26'),(90,'Kavon','Hintz','paxton.barrows@example.com','829.641.9931','2018-09-06 11:31:51','2019-03-18 15:46:07'),(91,'Toby','Hauck','stanton65@example.net','(224)723-3374x73447','2013-03-20 09:45:11','2018-11-14 05:26:58'),(92,'Flavie','Kihn','vboyle@example.net','(359)557-9099x427','2020-04-19 21:55:12','2021-02-13 12:07:26'),(93,'Percival','Zboncak','eliezer69@example.net','1-827-295-8347x8327','2020-11-08 20:15:51','2020-12-22 11:15:23'),(94,'Ben','Grady','jammie64@example.com','(247)669-7569x719','2016-07-21 10:04:37','2017-11-05 15:20:51'),(95,'Shannon','Denesik','carroll.sharon@example.net','711.676.7285x56587','2016-04-15 11:19:53','2019-12-29 10:19:54'),(96,'Jonatan','Hettinger','ernestina59@example.org','001.240.9727','2011-07-17 02:39:33','2013-03-22 19:53:33'),(97,'Susie','Green','daniella60@example.net','+90(2)6980748993','2012-01-28 17:04:12','2016-01-06 17:36:25'),(98,'Tyra','Schmitt','padberg.maia@example.org','(773)929-9949','2012-03-04 21:35:53','2018-08-22 00:15:44'),(99,'Jedediah','Franecki','santa.bashirian@example.com','004-456-7759','2020-03-15 10:41:53','2020-05-31 14:20:32'),(100,'Alvina','Daniel','carole.witting@example.org','403.149.3158x309','2013-09-15 04:48:12','2020-04-02 07:38:08');
/*!40000 ALTER TABLE `users` ENABLE KEYS */;
UNLOCK TABLES;
/*!40103 SET TIME_ZONE=@OLD_TIME_ZONE */;

/*!40101 SET SQL_MODE=@OLD_SQL_MODE */;
/*!40014 SET FOREIGN_KEY_CHECKS=@OLD_FOREIGN_KEY_CHECKS */;
/*!40014 SET UNIQUE_CHECKS=@OLD_UNIQUE_CHECKS */;
/*!40101 SET CHARACTER_SET_CLIENT=@OLD_CHARACTER_SET_CLIENT */;
/*!40101 SET CHARACTER_SET_RESULTS=@OLD_CHARACTER_SET_RESULTS */;
/*!40101 SET COLLATION_CONNECTION=@OLD_COLLATION_CONNECTION */;
/*!40111 SET SQL_NOTES=@OLD_SQL_NOTES */;

-- Dump completed on 2021-02-25 18:08:38
